c,n,repeticion,orden_efectivo
0.125,100,0,1
0.125,100,1,1
0.125,100,2,1
0.125,100,3,1
0.125,100,4,1
0.125,100,5,1
0.125,100,6,1
0.125,100,7,1
0.125,100,8,1
0.125,100,9,1
0.125,100,10,1
0.125,100,11,1
0.125,100,12,1
0.125,100,13,1
0.125,100,14,1
0.125,100,15,1
0.125,100,16,1
0.125,100,17,1
0.125,100,18,1
0.125,100,19,1
0.25,100,0,1
0.25,100,1,2
0.25,100,2,1
0.25,100,3,2
0.25,100,4,1
0.25,100,5,1
0.25,100,6,1
0.25,100,7,1
0.25,100,8,1
0.25,100,9,2
0.25,100,10,1
0.25,100,11,1
0.25,100,12,1
0.25,100,13,2
0.25,100,14,1
0.25,100,15,1
0.25,100,16,2
0.25,100,17,1
0.25,100,18,1
0.25,100,19,1
0.5,100,0,2
0.5,100,1,6
0.5,100,2,3
0.5,100,3,4
0.5,100,4,6
0.5,100,5,5
0.5,100,6,4
0.5,100,7,2
0.5,100,8,2
0.5,100,9,7
0.5,100,10,3
0.5,100,11,3
0.5,100,12,3
0.5,100,13,4
0.5,100,14,2
0.5,100,15,3
0.5,100,16,6
0.5,100,17,5
0.5,100,18,2
0.5,100,19,3
1.0,100,0,7
1.0,100,1,7
1.0,100,2,8
1.0,100,3,7
1.0,100,4,6
1.0,100,5,14
1.0,100,6,7
1.0,100,7,7
1.0,100,8,10
1.0,100,9,9
1.0,100,10,12
1.0,100,11,8
1.0,100,12,6
1.0,100,13,12
1.0,100,14,7
1.0,100,15,8
1.0,100,16,10
1.0,100,17,7
1.0,100,18,12
1.0,100,19,7
1.125,100,0,12
1.125,100,1,10
1.125,100,2,9
1.125,100,3,9
1.125,100,4,6
1.125,100,5,14
1.125,100,6,8
1.125,100,7,9
1.125,100,8,11
1.125,100,9,7
1.125,100,10,12
1.125,100,11,7
1.125,100,12,6
1.125,100,13,11
1.125,100,14,8
1.125,100,15,8
1.125,100,16,10
1.125,100,17,7
1.125,100,18,14
1.125,100,19,10
1.25,100,0,12
1.25,100,1,15
1.25,100,2,15
1.25,100,3,9
1.25,100,4,8
1.25,100,5,12
1.25,100,6,14
1.25,100,7,10
1.25,100,8,11
1.25,100,9,7
1.25,100,10,16
1.25,100,11,7
1.25,100,12,8
1.25,100,13,11
1.25,100,14,8
1.25,100,15,9
1.25,100,16,10
1.25,100,17,10
1.25,100,18,14
1.25,100,19,10
1.5,100,0,10
1.5,100,1,20
1.5,100,2,13
1.5,100,3,12
1.5,100,4,11
1.5,100,5,14
1.5,100,6,17
1.5,100,7,10
1.5,100,8,10
1.5,100,9,8
1.5,100,10,12
1.5,100,11,12
1.5,100,12,13
1.5,100,13,11
1.5,100,14,12
1.5,100,15,14
1.5,100,16,12
1.5,100,17,12
1.5,100,18,12
1.5,100,19,13
1.75,100,0,9
1.75,100,1,9
1.75,100,2,9
1.75,100,3,15
1.75,100,4,9
1.75,100,5,13
1.75,100,6,12
1.75,100,7,11
1.75,100,8,12
1.75,100,9,10
1.75,100,10,13
1.75,100,11,17
1.75,100,12,12
1.75,100,13,10
1.75,100,14,24
1.75,100,15,11
1.75,100,16,11
1.75,100,17,15
1.75,100,18,12
1.75,100,19,15
2.0,100,0,13
2.0,100,1,9
2.0,100,2,9
2.0,100,3,13
2.0,100,4,9
2.0,100,5,13
2.0,100,6,12
2.0,100,7,11
2.0,100,8,14
2.0,100,9,12
2.0,100,10,10
2.0,100,11,17
2.0,100,12,9
2.0,100,13,10
2.0,100,14,17
2.0,100,15,10
2.0,100,16,12
2.0,100,17,13
2.0,100,18,9
2.0,100,19,10
2.25,100,0,12
2.25,100,1,11
2.25,100,2,8
2.25,100,3,12
2.25,100,4,9
2.25,100,5,13
2.25,100,6,10
2.25,100,7,11
2.25,100,8,12
2.25,100,9,12
2.25,100,10,10
2.25,100,11,11
2.25,100,12,8
2.25,100,13,10
2.25,100,14,9
2.25,100,15,10
2.25,100,16,12
2.25,100,17,15
2.25,100,18,10
2.25,100,19,10
2.5,100,0,12
2.5,100,1,11
2.5,100,2,10
2.5,100,3,11
2.5,100,4,9
2.5,100,5,11
2.5,100,6,9
2.5,100,7,14
2.5,100,8,9
2.5,100,9,11
2.5,100,10,9
2.5,100,11,11
2.5,100,12,8
2.5,100,13,10
2.5,100,14,8
2.5,100,15,11
2.5,100,16,10
2.5,100,17,15
2.5,100,18,9
2.5,100,19,10
2.75,100,0,10
2.75,100,1,11
2.75,100,2,10
2.75,100,3,12
2.75,100,4,7
2.75,100,5,9
2.75,100,6,9
2.75,100,7,12
2.75,100,8,11
2.75,100,9,13
2.75,100,10,9
2.75,100,11,11
2.75,100,12,8
2.75,100,13,10
2.75,100,14,8
2.75,100,15,11
2.75,100,16,12
2.75,100,17,13
2.75,100,18,9
2.75,100,19,9
3.0,100,0,11
3.0,100,1,11
3.0,100,2,11
3.0,100,3,11
3.0,100,4,11
3.0,100,5,9
3.0,100,6,9
3.0,100,7,10
3.0,100,8,11
3.0,100,9,13
3.0,100,10,12
3.0,100,11,13
3.0,100,12,12
3.0,100,13,13
3.0,100,14,8
3.0,100,15,11
3.0,100,16,12
3.0,100,17,12
3.0,100,18,9
3.0,100,19,9
4.0,100,0,15
4.0,100,1,10
4.0,100,2,12
4.0,100,3,11
4.0,100,4,12
4.0,100,5,11
4.0,100,6,13
4.0,100,7,13
4.0,100,8,11
4.0,100,9,11
4.0,100,10,10
4.0,100,11,13
4.0,100,12,12
4.0,100,13,12
4.0,100,14,9
4.0,100,15,14
4.0,100,16,11
4.0,100,17,10
4.0,100,18,10
4.0,100,19,9
6.0,100,0,8
6.0,100,1,8
6.0,100,2,7
6.0,100,3,7
6.0,100,4,9
6.0,100,5,7
6.0,100,6,8
6.0,100,7,8
6.0,100,8,7
6.0,100,9,7
6.0,100,10,9
6.0,100,11,6
6.0,100,12,10
6.0,100,13,8
6.0,100,14,8
6.0,100,15,8
6.0,100,16,8
6.0,100,17,7
6.0,100,18,7
6.0,100,19,7
8.0,100,0,5
8.0,100,1,6
8.0,100,2,5
8.0,100,3,5
8.0,100,4,6
8.0,100,5,5
8.0,100,6,6
8.0,100,7,6
8.0,100,8,4
8.0,100,9,5
8.0,100,10,5
8.0,100,11,4
8.0,100,12,5
8.0,100,13,5
8.0,100,14,5
8.0,100,15,5
8.0,100,16,6
8.0,100,17,5
8.0,100,18,5
8.0,100,19,5
10.0,100,0,5
10.0,100,1,5
10.0,100,2,6
10.0,100,3,4
10.0,100,4,5
10.0,100,5,4
10.0,100,6,4
10.0,100,7,4
10.0,100,8,4
10.0,100,9,4
10.0,100,10,5
10.0,100,11,4
10.0,100,12,4
10.0,100,13,3
10.0,100,14,5
10.0,100,15,5
10.0,100,16,4
10.0,100,17,4
10.0,100,18,5
10.0,100,19,4
25.0,100,0,2
25.0,100,1,2
25.0,100,2,2
25.0,100,3,2
25.0,100,4,2
25.0,100,5,2
25.0,100,6,2
25.0,100,7,2
25.0,100,8,2
25.0,100,9,2
25.0,100,10,2
25.0,100,11,2
25.0,100,12,2
25.0,100,13,2
25.0,100,14,2
25.0,100,15,2
25.0,100,16,2
25.0,100,17,2
25.0,100,18,2
25.0,100,19,2
0.125,250,0,1
0.125,250,1,1
0.125,250,2,1
0.125,250,3,1
0.125,250,4,1
0.125,250,5,1
0.125,250,6,1
0.125,250,7,1
0.125,250,8,2
0.125,250,9,1
0.125,250,10,1
0.125,250,11,1
0.125,250,12,2
0.125,250,13,2
0.125,250,14,1
0.125,250,15,2
0.125,250,16,2
0.125,250,17,1
0.125,250,18,1
0.125,250,19,2
0.25,250,0,3
0.25,250,1,2
0.25,250,2,2
0.25,250,3,2
0.25,250,4,1
0.25,250,5,2
0.25,250,6,2
0.25,250,7,3
0.25,250,8,2
0.25,250,9,3
0.25,250,10,2
0.25,250,11,2
0.25,250,12,2
0.25,250,13,3
0.25,250,14,2
0.25,250,15,2
0.25,250,16,2
0.25,250,17,3
0.25,250,18,4
0.25,250,19,2
0.5,250,0,4
0.5,250,1,4
0.5,250,2,3
0.5,250,3,5
0.5,250,4,6
0.5,250,5,4
0.5,250,6,3
0.5,250,7,4
0.5,250,8,6
0.5,250,9,4
0.5,250,10,6
0.5,250,11,3
0.5,250,12,3
0.5,250,13,4
0.5,250,14,3
0.5,250,15,6
0.5,250,16,5
0.5,250,17,4
0.5,250,18,8
0.5,250,19,3
1.0,250,0,14
1.0,250,1,10
1.0,250,2,7
1.0,250,3,15
1.0,250,4,10
1.0,250,5,8
1.0,250,6,10
1.0,250,7,11
1.0,250,8,11
1.0,250,9,13
1.0,250,10,9
1.0,250,11,18
1.0,250,12,19
1.0,250,13,10
1.0,250,14,16
1.0,250,15,12
1.0,250,16,10
1.0,250,17,8
1.0,250,18,10
1.0,250,19,9
1.125,250,0,13
1.125,250,1,11
1.125,250,2,7
1.125,250,3,15
1.125,250,4,14
1.125,250,5,12
1.125,250,6,16
1.125,250,7,10
1.125,250,8,12
1.125,250,9,13
1.125,250,10,12
1.125,250,11,15
1.125,250,12,19
1.125,250,13,15
1.125,250,14,16
1.125,250,15,14
1.125,250,16,17
1.125,250,17,18
1.125,250,18,15
1.125,250,19,12
1.25,250,0,14
1.25,250,1,16
1.25,250,2,16
1.25,250,3,18
1.25,250,4,15
1.25,250,5,15
1.25,250,6,21
1.25,250,7,10
1.25,250,8,14
1.25,250,9,14
1.25,250,10,16
1.25,250,11,14
1.25,250,12,23
1.25,250,13,15
1.25,250,14,20
1.25,250,15,19
1.25,250,16,21
1.25,250,17,18
1.25,250,18,17
1.25,250,19,19
1.5,250,0,20
1.5,250,1,21
1.5,250,2,18
1.5,250,3,15
1.5,250,4,18
1.5,250,5,30
1.5,250,6,16
1.5,250,7,14
1.5,250,8,22
1.5,250,9,22
1.5,250,10,17
1.5,250,11,17
1.5,250,12,18
1.5,250,13,24
1.5,250,14,20
1.5,250,15,20
1.5,250,16,21
1.5,250,17,18
1.5,250,18,21
1.5,250,19,25
1.75,250,0,16
1.75,250,1,21
1.75,250,2,18
1.75,250,3,17
1.75,250,4,16
1.75,250,5,19
1.75,250,6,16
1.75,250,7,18
1.75,250,8,18
1.75,250,9,16
1.75,250,10,16
1.75,250,11,17
1.75,250,12,16
1.75,250,13,15
1.75,250,14,18
1.75,250,15,19
1.75,250,16,20
1.75,250,17,18
1.75,250,18,17
1.75,250,19,16
2.0,250,0,20
2.0,250,1,16
2.0,250,2,14
2.0,250,3,16
2.0,250,4,20
2.0,250,5,18
2.0,250,6,13
2.0,250,7,14
2.0,250,8,18
2.0,250,9,18
2.0,250,10,17
2.0,250,11,19
2.0,250,12,14
2.0,250,13,12
2.0,250,14,15
2.0,250,15,18
2.0,250,16,17
2.0,250,17,18
2.0,250,18,16
2.0,250,19,17
2.25,250,0,16
2.25,250,1,18
2.25,250,2,16
2.25,250,3,12
2.25,250,4,16
2.25,250,5,20
2.25,250,6,15
2.25,250,7,12
2.25,250,8,16
2.25,250,9,18
2.25,250,10,17
2.25,250,11,18
2.25,250,12,14
2.25,250,13,15
2.25,250,14,15
2.25,250,15,17
2.25,250,16,14
2.25,250,17,18
2.25,250,18,15
2.25,250,19,18
2.5,250,0,13
2.5,250,1,15
2.5,250,2,16
2.5,250,3,11
2.5,250,4,13
2.5,250,5,16
2.5,250,6,13
2.5,250,7,20
2.5,250,8,15
2.5,250,9,18
2.5,250,10,13
2.5,250,11,23
2.5,250,12,17
2.5,250,13,14
2.5,250,14,16
2.5,250,15,17
2.5,250,16,15
2.5,250,17,16
2.5,250,18,13
2.5,250,19,16
2.75,250,0,19
2.75,250,1,17
2.75,250,2,13
2.75,250,3,15
2.75,250,4,17
2.75,250,5,23
2.75,250,6,20
2.75,250,7,20
2.75,250,8,11
2.75,250,9,18
2.75,250,10,14
2.75,250,11,21
2.75,250,12,16
2.75,250,13,18
2.75,250,14,14
2.75,250,15,24
2.75,250,16,15
2.75,250,17,12
2.75,250,18,12
2.75,250,19,16
3.0,250,0,19
3.0,250,1,14
3.0,250,2,11
3.0,250,3,21
3.0,250,4,17
3.0,250,5,25
3.0,250,6,22
3.0,250,7,15
3.0,250,8,12
3.0,250,9,25
3.0,250,10,23
3.0,250,11,17
3.0,250,12,17
3.0,250,13,16
3.0,250,14,17
3.0,250,15,21
3.0,250,16,15
3.0,250,17,20
3.0,250,18,13
3.0,250,19,16
4.0,250,0,14
4.0,250,1,12
4.0,250,2,19
4.0,250,3,14
4.0,250,4,14
4.0,250,5,14
4.0,250,6,11
4.0,250,7,14
4.0,250,8,20
4.0,250,9,13
4.0,250,10,15
4.0,250,11,12
4.0,250,12,13
4.0,250,13,17
4.0,250,14,15
4.0,250,15,15
4.0,250,16,16
4.0,250,17,18
4.0,250,18,15
4.0,250,19,17
6.0,250,0,11
6.0,250,1,9
6.0,250,2,9
6.0,250,3,10
6.0,250,4,11
6.0,250,5,10
6.0,250,6,8
6.0,250,7,9
6.0,250,8,10
6.0,250,9,10
6.0,250,10,10
6.0,250,11,9
6.0,250,12,10
6.0,250,13,11
6.0,250,14,11
6.0,250,15,10
6.0,250,16,8
6.0,250,17,9
6.0,250,18,9
6.0,250,19,11
8.0,250,0,7
8.0,250,1,6
8.0,250,2,8
8.0,250,3,6
8.0,250,4,6
8.0,250,5,8
8.0,250,6,6
8.0,250,7,6
8.0,250,8,7
8.0,250,9,8
8.0,250,10,7
8.0,250,11,6
8.0,250,12,6
8.0,250,13,9
8.0,250,14,7
8.0,250,15,6
8.0,250,16,7
8.0,250,17,7
8.0,250,18,6
8.0,250,19,6
10.0,250,0,6
10.0,250,1,5
10.0,250,2,6
10.0,250,3,5
10.0,250,4,6
10.0,250,5,5
10.0,250,6,5
10.0,250,7,6
10.0,250,8,6
10.0,250,9,6
10.0,250,10,5
10.0,250,11,5
10.0,250,12,5
10.0,250,13,6
10.0,250,14,5
10.0,250,15,6
10.0,250,16,5
10.0,250,17,6
10.0,250,18,5
10.0,250,19,6
25.0,250,0,3
25.0,250,1,2
25.0,250,2,3
25.0,250,3,2
25.0,250,4,3
25.0,250,5,2
25.0,250,6,3
25.0,250,7,3
25.0,250,8,3
25.0,250,9,3
25.0,250,10,3
25.0,250,11,3
25.0,250,12,3
25.0,250,13,3
25.0,250,14,2
25.0,250,15,3
25.0,250,16,3
25.0,250,17,3
25.0,250,18,3
25.0,250,19,3
50.0,250,0,2
50.0,250,1,2
50.0,250,2,2
50.0,250,3,2
50.0,250,4,2
50.0,250,5,2
50.0,250,6,2
50.0,250,7,2
50.0,250,8,2
50.0,250,9,2
50.0,250,10,2
50.0,250,11,2
50.0,250,12,2
50.0,250,13,2
50.0,250,14,2
50.0,250,15,2
50.0,250,16,2
50.0,250,17,2
50.0,250,18,2
50.0,250,19,2
0.125,500,0,1
0.125,500,1,1
0.125,500,2,1
0.125,500,3,2
0.125,500,4,1
0.125,500,5,1
0.125,500,6,1
0.125,500,7,1
0.125,500,8,2
0.125,500,9,2
0.125,500,10,1
0.125,500,11,2
0.125,500,12,2
0.125,500,13,2
0.125,500,14,2
0.125,500,15,1
0.125,500,16,2
0.125,500,17,1
0.125,500,18,2
0.125,500,19,1
0.25,500,0,5
0.25,500,1,3
0.25,500,2,3
0.25,500,3,3
0.25,500,4,2
0.25,500,5,3
0.25,500,6,2
0.25,500,7,3
0.25,500,8,3
0.25,500,9,3
0.25,500,10,2
0.25,500,11,3
0.25,500,12,2
0.25,500,13,2
0.25,500,14,5
0.25,500,15,3
0.25,500,16,3
0.25,500,17,3
0.25,500,18,3
0.25,500,19,5
0.5,500,0,5
0.5,500,1,6
0.5,500,2,4
0.5,500,3,5
0.5,500,4,3
0.5,500,5,4
0.5,500,6,5
0.5,500,7,5
0.5,500,8,6
0.5,500,9,6
0.5,500,10,5
0.5,500,11,5
0.5,500,12,6
0.5,500,13,6
0.5,500,14,5
0.5,500,15,10
0.5,500,16,7
0.5,500,17,5
0.5,500,18,8
0.5,500,19,5
1.0,500,0,14
1.0,500,1,19
1.0,500,2,17
1.0,500,3,22
1.0,500,4,11
1.0,500,5,17
1.0,500,6,20
1.0,500,7,9
1.0,500,8,22
1.0,500,9,16
1.0,500,10,12
1.0,500,11,18
1.0,500,12,31
1.0,500,13,17
1.0,500,14,12
1.0,500,15,24
1.0,500,16,15
1.0,500,17,17
1.0,500,18,19
1.0,500,19,13
1.125,500,0,20
1.125,500,1,25
1.125,500,2,25
1.125,500,3,22
1.125,500,4,20
1.125,500,5,18
1.125,500,6,27
1.125,500,7,19
1.125,500,8,26
1.125,500,9,16
1.125,500,10,21
1.125,500,11,19
1.125,500,12,31
1.125,500,13,18
1.125,500,14,16
1.125,500,15,24
1.125,500,16,21
1.125,500,17,17
1.125,500,18,20
1.125,500,19,15
1.25,500,0,32
1.25,500,1,23
1.25,500,2,28
1.25,500,3,24
1.25,500,4,19
1.25,500,5,29
1.25,500,6,27
1.25,500,7,25
1.25,500,8,23
1.25,500,9,14
1.25,500,10,29
1.25,500,11,26
1.25,500,12,33
1.25,500,13,20
1.25,500,14,26
1.25,500,15,25
1.25,500,16,21
1.25,500,17,23
1.25,500,18,28
1.25,500,19,17
1.5,500,0,43
1.5,500,1,22
1.5,500,2,21
1.5,500,3,23
1.5,500,4,30
1.5,500,5,32
1.5,500,6,24
1.5,500,7,21
1.5,500,8,29
1.5,500,9,26
1.5,500,10,25
1.5,500,11,31
1.5,500,12,21
1.5,500,13,20
1.5,500,14,26
1.5,500,15,23
1.5,500,16,28
1.5,500,17,22
1.5,500,18,24
1.5,500,19,22
1.75,500,0,27
1.75,500,1,18
1.75,500,2,21
1.75,500,3,18
1.75,500,4,23
1.75,500,5,24
1.75,500,6,19
1.75,500,7,21
1.75,500,8,24
1.75,500,9,20
1.75,500,10,23
1.75,500,11,22
1.75,500,12,21
1.75,500,13,19
1.75,500,14,19
1.75,500,15,20
1.75,500,16,19
1.75,500,17,20
1.75,500,18,22
1.75,500,19,25
2.0,500,0,24
2.0,500,1,18
2.0,500,2,21
2.0,500,3,14
2.0,500,4,17
2.0,500,5,25
2.0,500,6,18
2.0,500,7,19
2.0,500,8,19
2.0,500,9,17
2.0,500,10,19
2.0,500,11,21
2.0,500,12,21
2.0,500,13,16
2.0,500,14,19
2.0,500,15,20
2.0,500,16,18
2.0,500,17,24
2.0,500,18,19
2.0,500,19,31
2.25,500,0,21
2.25,500,1,19
2.25,500,2,26
2.25,500,3,15
2.25,500,4,16
2.25,500,5,32
2.25,500,6,22
2.25,500,7,17
2.25,500,8,18
2.25,500,9,17
2.25,500,10,22
2.25,500,11,21
2.25,500,12,17
2.25,500,13,15
2.25,500,14,19
2.25,500,15,32
2.25,500,16,20
2.25,500,17,26
2.25,500,18,20
2.25,500,19,34
2.5,500,0,29
2.5,500,1,23
2.5,500,2,24
2.5,500,3,27
2.5,500,4,21
2.5,500,5,26
2.5,500,6,26
2.5,500,7,16
2.5,500,8,21
2.5,500,9,17
2.5,500,10,23
2.5,500,11,23
2.5,500,12,18
2.5,500,13,17
2.5,500,14,18
2.5,500,15,28
2.5,500,16,30
2.5,500,17,26
2.5,500,18,28
2.5,500,19,28
2.75,500,0,26
2.75,500,1,19
2.75,500,2,22
2.75,500,3,22
2.75,500,4,24
2.75,500,5,23
2.75,500,6,22
2.75,500,7,15
2.75,500,8,28
2.75,500,9,20
2.75,500,10,28
2.75,500,11,43
2.75,500,12,27
2.75,500,13,17
2.75,500,14,19
2.75,500,15,22
2.75,500,16,32
2.75,500,17,23
2.75,500,18,33
2.75,500,19,29
3.0,500,0,23
3.0,500,1,25
3.0,500,2,21
3.0,500,3,21
3.0,500,4,23
3.0,500,5,27
3.0,500,6,21
3.0,500,7,16
3.0,500,8,27
3.0,500,9,16
3.0,500,10,26
3.0,500,11,25
3.0,500,12,24
3.0,500,13,27
3.0,500,14,25
3.0,500,15,20
3.0,500,16,31
3.0,500,17,19
3.0,500,18,31
3.0,500,19,31
4.0,500,0,17
4.0,500,1,15
4.0,500,2,15
4.0,500,3,17
4.0,500,4,20
4.0,500,5,15
4.0,500,6,16
4.0,500,7,19
4.0,500,8,20
4.0,500,9,21
4.0,500,10,16
4.0,500,11,15
4.0,500,12,18
4.0,500,13,17
4.0,500,14,16
4.0,500,15,16
4.0,500,16,16
4.0,500,17,15
4.0,500,18,17
4.0,500,19,16
6.0,500,0,12
6.0,500,1,9
6.0,500,2,11
6.0,500,3,11
6.0,500,4,11
6.0,500,5,12
6.0,500,6,10
6.0,500,7,12
6.0,500,8,10
6.0,500,9,11
6.0,500,10,11
6.0,500,11,11
6.0,500,12,10
6.0,500,13,12
6.0,500,14,10
6.0,500,15,10
6.0,500,16,11
6.0,500,17,9
6.0,500,18,11
6.0,500,19,12
8.0,500,0,8
8.0,500,1,7
8.0,500,2,8
8.0,500,3,9
8.0,500,4,9
8.0,500,5,7
8.0,500,6,8
8.0,500,7,11
8.0,500,8,8
8.0,500,9,8
8.0,500,10,7
8.0,500,11,8
8.0,500,12,8
8.0,500,13,8
8.0,500,14,8
8.0,500,15,8
8.0,500,16,7
8.0,500,17,7
8.0,500,18,8
8.0,500,19,8
10.0,500,0,7
10.0,500,1,7
10.0,500,2,6
10.0,500,3,6
10.0,500,4,7
10.0,500,5,6
10.0,500,6,6
10.0,500,7,8
10.0,500,8,7
10.0,500,9,6
10.0,500,10,7
10.0,500,11,6
10.0,500,12,7
10.0,500,13,7
10.0,500,14,6
10.0,500,15,6
10.0,500,16,6
10.0,500,17,7
10.0,500,18,6
10.0,500,19,7
25.0,500,0,3
25.0,500,1,3
25.0,500,2,3
25.0,500,3,3
25.0,500,4,3
25.0,500,5,3
25.0,500,6,3
25.0,500,7,3
25.0,500,8,3
25.0,500,9,3
25.0,500,10,3
25.0,500,11,3
25.0,500,12,3
25.0,500,13,3
25.0,500,14,3
25.0,500,15,3
25.0,500,16,3
25.0,500,17,3
25.0,500,18,3
25.0,500,19,3
50.0,500,0,2
50.0,500,1,2
50.0,500,2,2
50.0,500,3,2
50.0,500,4,2
50.0,500,5,2
50.0,500,6,2
50.0,500,7,2
50.0,500,8,2
50.0,500,9,2
50.0,500,10,2
50.0,500,11,2
50.0,500,12,2
50.0,500,13,2
50.0,500,14,2
50.0,500,15,2
50.0,500,16,2
50.0,500,17,2
50.0,500,18,2
50.0,500,19,2
0.125,1000,0,2
0.125,1000,1,2
0.125,1000,2,2
0.125,1000,3,2
0.125,1000,4,3
0.125,1000,5,2
0.125,1000,6,2
0.125,1000,7,2
0.125,1000,8,1
0.125,1000,9,2
0.125,1000,10,2
0.125,1000,11,3
0.125,1000,12,2
0.125,1000,13,1
0.125,1000,14,2
0.125,1000,15,1
0.125,1000,16,2
0.125,1000,17,2
0.125,1000,18,1
0.125,1000,19,2
0.25,1000,0,2
0.25,1000,1,3
0.25,1000,2,3
0.25,1000,3,7
0.25,1000,4,3
0.25,1000,5,4
0.25,1000,6,3
0.25,1000,7,5
0.25,1000,8,3
0.25,1000,9,3
0.25,1000,10,3
0.25,1000,11,4
0.25,1000,12,3
0.25,1000,13,3
0.25,1000,14,4
0.25,1000,15,2
0.25,1000,16,3
0.25,1000,17,2
0.25,1000,18,3
0.25,1000,19,3
0.5,1000,0,6
0.5,1000,1,7
0.5,1000,2,5
0.5,1000,3,7
0.5,1000,4,7
0.5,1000,5,9
0.5,1000,6,7
0.5,1000,7,8
0.5,1000,8,8
0.5,1000,9,7
0.5,1000,10,6
0.5,1000,11,6
0.5,1000,12,5
0.5,1000,13,5
0.5,1000,14,10
0.5,1000,15,7
0.5,1000,16,7
0.5,1000,17,6
0.5,1000,18,6
0.5,1000,19,5
1.0,1000,0,24
1.0,1000,1,16
1.0,1000,2,16
1.0,1000,3,29
1.0,1000,4,19
1.0,1000,5,23
1.0,1000,6,24
1.0,1000,7,23
1.0,1000,8,28
1.0,1000,9,30
1.0,1000,10,19
1.0,1000,11,19
1.0,1000,12,27
1.0,1000,13,18
1.0,1000,14,23
1.0,1000,15,18
1.0,1000,16,29
1.0,1000,17,16
1.0,1000,18,26
1.0,1000,19,19
1.125,1000,0,26
1.125,1000,1,26
1.125,1000,2,21
1.125,1000,3,42
1.125,1000,4,27
1.125,1000,5,27
1.125,1000,6,22
1.125,1000,7,36
1.125,1000,8,28
1.125,1000,9,43
1.125,1000,10,29
1.125,1000,11,45
1.125,1000,12,33
1.125,1000,13,24
1.125,1000,14,23
1.125,1000,15,25
1.125,1000,16,33
1.125,1000,17,26
1.125,1000,18,27
1.125,1000,19,24
1.25,1000,0,36
1.25,1000,1,23
1.25,1000,2,26
1.25,1000,3,41
1.25,1000,4,34
1.25,1000,5,44
1.25,1000,6,36
1.25,1000,7,35
1.25,1000,8,34
1.25,1000,9,31
1.25,1000,10,42
1.25,1000,11,40
1.25,1000,12,35
1.25,1000,13,26
1.25,1000,14,30
1.25,1000,15,39
1.25,1000,16,39
1.25,1000,17,34
1.25,1000,18,35
1.25,1000,19,34
1.5,1000,0,28
1.5,1000,1,38
1.5,1000,2,30
1.5,1000,3,29
1.5,1000,4,27
1.5,1000,5,29
1.5,1000,6,25
1.5,1000,7,31
1.5,1000,8,32
1.5,1000,9,28
1.5,1000,10,33
1.5,1000,11,27
1.5,1000,12,29
1.5,1000,13,32
1.5,1000,14,27
1.5,1000,15,29
1.5,1000,16,31
1.5,1000,17,40
1.5,1000,18,29
1.5,1000,19,29
1.75,1000,0,24
1.75,1000,1,33
1.75,1000,2,25
1.75,1000,3,24
1.75,1000,4,23
1.75,1000,5,24
1.75,1000,6,33
1.75,1000,7,21
1.75,1000,8,22
1.75,1000,9,28
1.75,1000,10,21
1.75,1000,11,22
1.75,1000,12,29
1.75,1000,13,28
1.75,1000,14,22
1.75,1000,15,25
1.75,1000,16,24
1.75,1000,17,33
1.75,1000,18,26
1.75,1000,19,30
2.0,1000,0,20
2.0,1000,1,23
2.0,1000,2,19
2.0,1000,3,34
2.0,1000,4,20
2.0,1000,5,33
2.0,1000,6,26
2.0,1000,7,20
2.0,1000,8,18
2.0,1000,9,22
2.0,1000,10,19
2.0,1000,11,23
2.0,1000,12,29
2.0,1000,13,20
2.0,1000,14,20
2.0,1000,15,25
2.0,1000,16,23
2.0,1000,17,25
2.0,1000,18,25
2.0,1000,19,22
2.25,1000,0,23
2.25,1000,1,24
2.25,1000,2,30
2.25,1000,3,40
2.25,1000,4,25
2.25,1000,5,49
2.25,1000,6,33
2.25,1000,7,29
2.25,1000,8,23
2.25,1000,9,19
2.25,1000,10,18
2.25,1000,11,25
2.25,1000,12,26
2.25,1000,13,30
2.25,1000,14,22
2.25,1000,15,29
2.25,1000,16,27
2.25,1000,17,22
2.25,1000,18,32
2.25,1000,19,24
2.5,1000,0,28
2.5,1000,1,47
2.5,1000,2,31
2.5,1000,3,41
2.5,1000,4,24
2.5,1000,5,45
2.5,1000,6,33
2.5,1000,7,30
2.5,1000,8,30
2.5,1000,9,25
2.5,1000,10,34
2.5,1000,11,32
2.5,1000,12,26
2.5,1000,13,26
2.5,1000,14,22
2.5,1000,15,35
2.5,1000,16,36
2.5,1000,17,38
2.5,1000,18,36
2.5,1000,19,31
2.75,1000,0,28
2.75,1000,1,32
2.75,1000,2,26
2.75,1000,3,36
2.75,1000,4,22
2.75,1000,5,27
2.75,1000,6,33
2.75,1000,7,36
2.75,1000,8,50
2.75,1000,9,39
2.75,1000,10,44
2.75,1000,11,31
2.75,1000,12,30
2.75,1000,13,24
2.75,1000,14,36
2.75,1000,15,30
2.75,1000,16,34
2.75,1000,17,41
2.75,1000,18,32
2.75,1000,19,32
3.0,1000,0,29
3.0,1000,1,26
3.0,1000,2,34
3.0,1000,3,32
3.0,1000,4,31
3.0,1000,5,28
3.0,1000,6,26
3.0,1000,7,30
3.0,1000,8,43
3.0,1000,9,39
3.0,1000,10,36
3.0,1000,11,24
3.0,1000,12,25
3.0,1000,13,26
3.0,1000,14,26
3.0,1000,15,27
3.0,1000,16,25
3.0,1000,17,30
3.0,1000,18,31
3.0,1000,19,30
4.0,1000,0,20
4.0,1000,1,22
4.0,1000,2,20
4.0,1000,3,21
4.0,1000,4,21
4.0,1000,5,18
4.0,1000,6,25
4.0,1000,7,19
4.0,1000,8,22
4.0,1000,9,20
4.0,1000,10,18
4.0,1000,11,20
4.0,1000,12,18
4.0,1000,13,19
4.0,1000,14,17
4.0,1000,15,18
4.0,1000,16,18
4.0,1000,17,20
4.0,1000,18,20
4.0,1000,19,18
6.0,1000,0,14
6.0,1000,1,11
6.0,1000,2,14
6.0,1000,3,12
6.0,1000,4,13
6.0,1000,5,12
6.0,1000,6,12
6.0,1000,7,14
6.0,1000,8,12
6.0,1000,9,13
6.0,1000,10,12
6.0,1000,11,12
6.0,1000,12,12
6.0,1000,13,14
6.0,1000,14,13
6.0,1000,15,14
6.0,1000,16,13
6.0,1000,17,12
6.0,1000,18,11
6.0,1000,19,12
8.0,1000,0,10
8.0,1000,1,8
8.0,1000,2,9
8.0,1000,3,10
8.0,1000,4,10
8.0,1000,5,8
8.0,1000,6,9
8.0,1000,7,10
8.0,1000,8,10
8.0,1000,9,9
8.0,1000,10,8
8.0,1000,11,9
8.0,1000,12,8
8.0,1000,13,10
8.0,1000,14,10
8.0,1000,15,10
8.0,1000,16,10
8.0,1000,17,10
8.0,1000,18,8
8.0,1000,19,10
10.0,1000,0,7
10.0,1000,1,7
10.0,1000,2,8
10.0,1000,3,8
10.0,1000,4,8
10.0,1000,5,7
10.0,1000,6,7
10.0,1000,7,8
10.0,1000,8,8
10.0,1000,9,8
10.0,1000,10,7
10.0,1000,11,8
10.0,1000,12,7
10.0,1000,13,7
10.0,1000,14,9
10.0,1000,15,9
10.0,1000,16,7
10.0,1000,17,7
10.0,1000,18,7
10.0,1000,19,8
25.0,1000,0,3
25.0,1000,1,3
25.0,1000,2,4
25.0,1000,3,4
25.0,1000,4,4
25.0,1000,5,4
25.0,1000,6,3
25.0,1000,7,3
25.0,1000,8,4
25.0,1000,9,4
25.0,1000,10,3
25.0,1000,11,3
25.0,1000,12,3
25.0,1000,13,4
25.0,1000,14,4
25.0,1000,15,3
25.0,1000,16,3
25.0,1000,17,3
25.0,1000,18,3
25.0,1000,19,3
50.0,1000,0,2
50.0,1000,1,2
50.0,1000,2,2
50.0,1000,3,2
50.0,1000,4,2
50.0,1000,5,2
50.0,1000,6,2
50.0,1000,7,2
50.0,1000,8,2
50.0,1000,9,2
50.0,1000,10,2
50.0,1000,11,2
50.0,1000,12,2
50.0,1000,13,2
50.0,1000,14,2
50.0,1000,15,2
50.0,1000,16,2
50.0,1000,17,2
50.0,1000,18,2
50.0,1000,19,2
0.125,2500,0,2
0.125,2500,1,1
0.125,2500,2,2
0.125,2500,3,3
0.125,2500,4,3
0.125,2500,5,2
0.125,2500,6,2
0.125,2500,7,2
0.125,2500,8,3
0.125,2500,9,2
0.125,2500,10,3
0.125,2500,11,2
0.125,2500,12,4
0.125,2500,13,2
0.125,2500,14,2
0.125,2500,15,2
0.125,2500,16,2
0.125,2500,17,2
0.125,2500,18,3
0.125,2500,19,2
0.25,2500,0,5
0.25,2500,1,3
0.25,2500,2,3
0.25,2500,3,3
0.25,2500,4,3
0.25,2500,5,5
0.25,2500,6,3
0.25,2500,7,5
0.25,2500,8,3
0.25,2500,9,4
0.25,2500,10,4
0.25,2500,11,4
0.25,2500,12,5
0.25,2500,13,4
0.25,2500,14,3
0.25,2500,15,3
0.25,2500,16,5
0.25,2500,17,4
0.25,2500,18,5
0.25,2500,19,4
0.5,2500,0,9
0.5,2500,1,8
0.5,2500,2,7
0.5,2500,3,5
0.5,2500,4,10
0.5,2500,5,9
0.5,2500,6,5
0.5,2500,7,10
0.5,2500,8,10
0.5,2500,9,8
0.5,2500,10,8
0.5,2500,11,6
0.5,2500,12,9
0.5,2500,13,10
0.5,2500,14,6
0.5,2500,15,6
0.5,2500,16,9
0.5,2500,17,6
0.5,2500,18,8
0.5,2500,19,9
1.0,2500,0,37
1.0,2500,1,32
1.0,2500,2,26
1.0,2500,3,23
1.0,2500,4,35
1.0,2500,5,41
1.0,2500,6,27
1.0,2500,7,47
1.0,2500,8,60
1.0,2500,9,30
1.0,2500,10,52
1.0,2500,11,31
1.0,2500,12,27
1.0,2500,13,30
1.0,2500,14,30
1.0,2500,15,35
1.0,2500,16,37
1.0,2500,17,28
1.0,2500,18,34
1.0,2500,19,31
1.125,2500,0,50
1.125,2500,1,32
1.125,2500,2,36
1.125,2500,3,48
1.125,2500,4,47
1.125,2500,5,72
1.125,2500,6,33
1.125,2500,7,45
1.125,2500,8,48
1.125,2500,9,61
1.125,2500,10,47
1.125,2500,11,35
1.125,2500,12,44
1.125,2500,13,48
1.125,2500,14,37
1.125,2500,15,44
1.125,2500,16,56
1.125,2500,17,41
1.125,2500,18,43
1.125,2500,19,34
1.25,2500,0,44
1.25,2500,1,44
1.25,2500,2,57
1.25,2500,3,42
1.25,2500,4,45
1.25,2500,5,62
1.25,2500,6,48
1.25,2500,7,45
1.25,2500,8,52
1.25,2500,9,44
1.25,2500,10,39
1.25,2500,11,48
1.25,2500,12,40
1.25,2500,13,38
1.25,2500,14,36
1.25,2500,15,46
1.25,2500,16,46
1.25,2500,17,45
1.25,2500,18,44
1.25,2500,19,41
1.5,2500,0,39
1.5,2500,1,37
1.5,2500,2,47
1.5,2500,3,32
1.5,2500,4,45
1.5,2500,5,34
1.5,2500,6,39
1.5,2500,7,33
1.5,2500,8,38
1.5,2500,9,31
1.5,2500,10,41
1.5,2500,11,34
1.5,2500,12,32
1.5,2500,13,42
1.5,2500,14,37
1.5,2500,15,44
1.5,2500,16,35
1.5,2500,17,32
1.5,2500,18,32
1.5,2500,19,39
1.75,2500,0,28
1.75,2500,1,28
1.75,2500,2,35
1.75,2500,3,29
1.75,2500,4,27
1.75,2500,5,30
1.75,2500,6,31
1.75,2500,7,27
1.75,2500,8,27
1.75,2500,9,26
1.75,2500,10,26
1.75,2500,11,27
1.75,2500,12,30
1.75,2500,13,33
1.75,2500,14,29
1.75,2500,15,28
1.75,2500,16,24
1.75,2500,17,22
1.75,2500,18,31
1.75,2500,19,28
2.0,2500,0,37
2.0,2500,1,24
2.0,2500,2,36
2.0,2500,3,30
2.0,2500,4,30
2.0,2500,5,27
2.0,2500,6,22
2.0,2500,7,43
2.0,2500,8,40
2.0,2500,9,42
2.0,2500,10,26
2.0,2500,11,28
2.0,2500,12,26
2.0,2500,13,50
2.0,2500,14,25
2.0,2500,15,29
2.0,2500,16,34
2.0,2500,17,33
2.0,2500,18,29
2.0,2500,19,23
2.25,2500,0,43
2.25,2500,1,40
2.25,2500,2,68
2.25,2500,3,24
2.25,2500,4,58
2.25,2500,5,38
2.25,2500,6,32
2.25,2500,7,44
2.25,2500,8,59
2.25,2500,9,49
2.25,2500,10,45
2.25,2500,11,32
2.25,2500,12,44
2.25,2500,13,56
2.25,2500,14,50
2.25,2500,15,55
2.25,2500,16,51
2.25,2500,17,36
2.25,2500,18,45
2.25,2500,19,32
2.5,2500,0,54
2.5,2500,1,44
2.5,2500,2,59
2.5,2500,3,55
2.5,2500,4,63
2.5,2500,5,41
2.5,2500,6,36
2.5,2500,7,51
2.5,2500,8,45
2.5,2500,9,45
2.5,2500,10,41
2.5,2500,11,41
2.5,2500,12,47
2.5,2500,13,46
2.5,2500,14,46
2.5,2500,15,41
2.5,2500,16,39
2.5,2500,17,47
2.5,2500,18,33
2.5,2500,19,49
2.75,2500,0,48
2.75,2500,1,40
2.75,2500,2,44
2.75,2500,3,39
2.75,2500,4,40
2.75,2500,5,58
2.75,2500,6,45
2.75,2500,7,37
2.75,2500,8,38
2.75,2500,9,40
2.75,2500,10,35
2.75,2500,11,48
2.75,2500,12,38
2.75,2500,13,44
2.75,2500,14,43
2.75,2500,15,35
2.75,2500,16,36
2.75,2500,17,48
2.75,2500,18,31
2.75,2500,19,49
3.0,2500,0,33
3.0,2500,1,39
3.0,2500,2,38
3.0,2500,3,34
3.0,2500,4,39
3.0,2500,5,43
3.0,2500,6,43
3.0,2500,7,30
3.0,2500,8,41
3.0,2500,9,33
3.0,2500,10,32
3.0,2500,11,33
3.0,2500,12,34
3.0,2500,13,31
3.0,2500,14,34
3.0,2500,15,38
3.0,2500,16,32
3.0,2500,17,36
3.0,2500,18,36
3.0,2500,19,40
4.0,2500,0,22
4.0,2500,1,24
4.0,2500,2,22
4.0,2500,3,23
4.0,2500,4,22
4.0,2500,5,25
4.0,2500,6,24
4.0,2500,7,21
4.0,2500,8,23
4.0,2500,9,24
4.0,2500,10,28
4.0,2500,11,25
4.0,2500,12,23
4.0,2500,13,24
4.0,2500,14,25
4.0,2500,15,25
4.0,2500,16,22
4.0,2500,17,23
4.0,2500,18,24
4.0,2500,19,26
6.0,2500,0,13
6.0,2500,1,13
6.0,2500,2,13
6.0,2500,3,13
6.0,2500,4,13
6.0,2500,5,15
6.0,2500,6,13
6.0,2500,7,14
6.0,2500,8,13
6.0,2500,9,13
6.0,2500,10,13
6.0,2500,11,15
6.0,2500,12,13
6.0,2500,13,14
6.0,2500,14,16
6.0,2500,15,14
6.0,2500,16,14
6.0,2500,17,13
6.0,2500,18,14
6.0,2500,19,14
8.0,2500,0,11
8.0,2500,1,11
8.0,2500,2,11
8.0,2500,3,10
8.0,2500,4,11
8.0,2500,5,10
8.0,2500,6,10
8.0,2500,7,10
8.0,2500,8,10
8.0,2500,9,11
8.0,2500,10,10
8.0,2500,11,11
8.0,2500,12,11
8.0,2500,13,10
8.0,2500,14,10
8.0,2500,15,10
8.0,2500,16,11
8.0,2500,17,10
8.0,2500,18,10
8.0,2500,19,10
10.0,2500,0,8
10.0,2500,1,8
10.0,2500,2,9
10.0,2500,3,8
10.0,2500,4,9
10.0,2500,5,9
10.0,2500,6,10
10.0,2500,7,8
10.0,2500,8,9
10.0,2500,9,8
10.0,2500,10,8
10.0,2500,11,8
10.0,2500,12,10
10.0,2500,13,8
10.0,2500,14,9
10.0,2500,15,8
10.0,2500,16,9
10.0,2500,17,8
10.0,2500,18,9
10.0,2500,19,8
25.0,2500,0,4
25.0,2500,1,5
25.0,2500,2,4
25.0,2500,3,4
25.0,2500,4,4
25.0,2500,5,4
25.0,2500,6,4
25.0,2500,7,4
25.0,2500,8,4
25.0,2500,9,4
25.0,2500,10,4
25.0,2500,11,4
25.0,2500,12,4
25.0,2500,13,4
25.0,2500,14,4
25.0,2500,15,4
25.0,2500,16,4
25.0,2500,17,4
25.0,2500,18,4
25.0,2500,19,4
50.0,2500,0,3
50.0,2500,1,3
50.0,2500,2,3
50.0,2500,3,3
50.0,2500,4,3
50.0,2500,5,3
50.0,2500,6,3
50.0,2500,7,3
50.0,2500,8,3
50.0,2500,9,3
50.0,2500,10,3
50.0,2500,11,3
50.0,2500,12,3
50.0,2500,13,3
50.0,2500,14,3
50.0,2500,15,3
50.0,2500,16,3
50.0,2500,17,3
50.0,2500,18,3
50.0,2500,19,3
0.125,5000,0,2
0.125,5000,1,3
0.125,5000,2,2
0.125,5000,3,2
0.125,5000,4,2
0.125,5000,5,3
0.125,5000,6,3
0.125,5000,7,2
0.125,5000,8,2
0.125,5000,9,3
0.125,5000,10,2
0.125,5000,11,4
0.125,5000,12,3
0.125,5000,13,3
0.125,5000,14,2
0.125,5000,15,5
0.125,5000,16,3
0.125,5000,17,4
0.125,5000,18,3
0.125,5000,19,3
0.25,5000,0,4
0.25,5000,1,5
0.25,5000,2,3
0.25,5000,3,3
0.25,5000,4,3
0.25,5000,5,4
0.25,5000,6,5
0.25,5000,7,6
0.25,5000,8,4
0.25,5000,9,6
0.25,5000,10,4
0.25,5000,11,4
0.25,5000,12,4
0.25,5000,13,5
0.25,5000,14,3
0.25,5000,15,5
0.25,5000,16,3
0.25,5000,17,4
0.25,5000,18,4
0.25,5000,19,4
0.5,5000,0,9
0.5,5000,1,11
0.5,5000,2,8
0.5,5000,3,8
0.5,5000,4,11
0.5,5000,5,8
0.5,5000,6,8
0.5,5000,7,12
0.5,5000,8,11
0.5,5000,9,7
0.5,5000,10,7
0.5,5000,11,7
0.5,5000,12,11
0.5,5000,13,7
0.5,5000,14,7
0.5,5000,15,10
0.5,5000,16,9
0.5,5000,17,12
0.5,5000,18,9
0.5,5000,19,9
1.0,5000,0,76
1.0,5000,1,48
1.0,5000,2,47
1.0,5000,3,62
1.0,5000,4,28
1.0,5000,5,35
1.0,5000,6,43
1.0,5000,7,73
1.0,5000,8,21
1.0,5000,9,34
1.0,5000,10,32
1.0,5000,11,32
1.0,5000,12,34
1.0,5000,13,31
1.0,5000,14,29
1.0,5000,15,70
1.0,5000,16,42
1.0,5000,17,33
1.0,5000,18,32
1.0,5000,19,38
1.125,5000,0,84
1.125,5000,1,67
1.125,5000,2,74
1.125,5000,3,72
1.125,5000,4,45
1.125,5000,5,61
1.125,5000,6,63
1.125,5000,7,70
1.125,5000,8,34
1.125,5000,9,62
1.125,5000,10,54
1.125,5000,11,62
1.125,5000,12,34
1.125,5000,13,59
1.125,5000,14,40
1.125,5000,15,72
1.125,5000,16,57
1.125,5000,17,79
1.125,5000,18,62
1.125,5000,19,54
1.25,5000,0,46
1.25,5000,1,95
1.25,5000,2,81
1.25,5000,3,57
1.25,5000,4,74
1.25,5000,5,53
1.25,5000,6,54
1.25,5000,7,63
1.25,5000,8,68
1.25,5000,9,60
1.25,5000,10,62
1.25,5000,11,60
1.25,5000,12,72
1.25,5000,13,57
1.25,5000,14,65
1.25,5000,15,54
1.25,5000,16,63
1.25,5000,17,60
1.25,5000,18,54
1.25,5000,19,60
1.5,5000,0,37
1.5,5000,1,41
1.5,5000,2,41
1.5,5000,3,45
1.5,5000,4,45
1.5,5000,5,47
1.5,5000,6,43
1.5,5000,7,43
1.5,5000,8,39
1.5,5000,9,42
1.5,5000,10,46
1.5,5000,11,56
1.5,5000,12,51
1.5,5000,13,44
1.5,5000,14,47
1.5,5000,15,39
1.5,5000,16,41
1.5,5000,17,40
1.5,5000,18,42
1.5,5000,19,37
1.75,5000,0,33
1.75,5000,1,32
1.75,5000,2,34
1.75,5000,3,31
1.75,5000,4,35
1.75,5000,5,31
1.75,5000,6,31
1.75,5000,7,28
1.75,5000,8,37
1.75,5000,9,31
1.75,5000,10,29
1.75,5000,11,33
1.75,5000,12,36
1.75,5000,13,32
1.75,5000,14,34
1.75,5000,15,30
1.75,5000,16,30
1.75,5000,17,29
1.75,5000,18,32
1.75,5000,19,30
2.0,5000,0,47
2.0,5000,1,42
2.0,5000,2,39
2.0,5000,3,47
2.0,5000,4,52
2.0,5000,5,46
2.0,5000,6,44
2.0,5000,7,31
2.0,5000,8,32
2.0,5000,9,62
2.0,5000,10,33
2.0,5000,11,52
2.0,5000,12,46
2.0,5000,13,43
2.0,5000,14,65
2.0,5000,15,34
2.0,5000,16,50
2.0,5000,17,42
2.0,5000,18,39
2.0,5000,19,31
2.25,5000,0,46
2.25,5000,1,82
2.25,5000,2,59
2.25,5000,3,58
2.25,5000,4,67
2.25,5000,5,67
2.25,5000,6,71
2.25,5000,7,62
2.25,5000,8,49
2.25,5000,9,64
2.25,5000,10,50
2.25,5000,11,68
2.25,5000,12,74
2.25,5000,13,64
2.25,5000,14,64
2.25,5000,15,50
2.25,5000,16,81
2.25,5000,17,64
2.25,5000,18,70
2.25,5000,19,45
2.5,5000,0,63
2.5,5000,1,80
2.5,5000,2,56
2.5,5000,3,62
2.5,5000,4,49
2.5,5000,5,60
2.5,5000,6,62
2.5,5000,7,64
2.5,5000,8,67
2.5,5000,9,50
2.5,5000,10,54
2.5,5000,11,61
2.5,5000,12,56
2.5,5000,13,50
2.5,5000,14,66
2.5,5000,15,50
2.5,5000,16,58
2.5,5000,17,57
2.5,5000,18,50
2.5,5000,19,58
2.75,5000,0,52
2.75,5000,1,51
2.75,5000,2,44
2.75,5000,3,55
2.75,5000,4,44
2.75,5000,5,40
2.75,5000,6,54
2.75,5000,7,54
2.75,5000,8,50
2.75,5000,9,44
2.75,5000,10,58
2.75,5000,11,57
2.75,5000,12,49
2.75,5000,13,44
2.75,5000,14,44
2.75,5000,15,49
2.75,5000,16,53
2.75,5000,17,48
2.75,5000,18,47
2.75,5000,19,49
3.0,5000,0,40
3.0,5000,1,39
3.0,5000,2,40
3.0,5000,3,38
3.0,5000,4,44
3.0,5000,5,44
3.0,5000,6,49
3.0,5000,7,42
3.0,5000,8,48
3.0,5000,9,37
3.0,5000,10,38
3.0,5000,11,41
3.0,5000,12,40
3.0,5000,13,36
3.0,5000,14,40
3.0,5000,15,47
3.0,5000,16,39
3.0,5000,17,41
3.0,5000,18,42
3.0,5000,19,41
4.0,5000,0,23
4.0,5000,1,22
4.0,5000,2,27
4.0,5000,3,25
4.0,5000,4,25
4.0,5000,5,28
4.0,5000,6,23
4.0,5000,7,25
4.0,5000,8,25
4.0,5000,9,26
4.0,5000,10,26
4.0,5000,11,26
4.0,5000,12,24
4.0,5000,13,26
4.0,5000,14,25
4.0,5000,15,23
4.0,5000,16,25
4.0,5000,17,25
4.0,5000,18,25
4.0,5000,19,24
6.0,5000,0,16
6.0,5000,1,17
6.0,5000,2,17
6.0,5000,3,16
6.0,5000,4,16
6.0,5000,5,16
6.0,5000,6,17
6.0,5000,7,15
6.0,5000,8,16
6.0,5000,9,16
6.0,5000,10,16
6.0,5000,11,18
6.0,5000,12,16
6.0,5000,13,15
6.0,5000,14,15
6.0,5000,15,15
6.0,5000,16,16
6.0,5000,17,15
6.0,5000,18,16
6.0,5000,19,16
8.0,5000,0,13
8.0,5000,1,12
8.0,5000,2,12
8.0,5000,3,11
8.0,5000,4,12
8.0,5000,5,12
8.0,5000,6,14
8.0,5000,7,13
8.0,5000,8,12
8.0,5000,9,11
8.0,5000,10,11
8.0,5000,11,11
8.0,5000,12,12
8.0,5000,13,11
8.0,5000,14,11
8.0,5000,15,12
8.0,5000,16,11
8.0,5000,17,11
8.0,5000,18,11
8.0,5000,19,12
10.0,5000,0,9
10.0,5000,1,9
10.0,5000,2,9
10.0,5000,3,9
10.0,5000,4,9
10.0,5000,5,9
10.0,5000,6,10
10.0,5000,7,10
10.0,5000,8,9
10.0,5000,9,9
10.0,5000,10,10
10.0,5000,11,10
10.0,5000,12,9
10.0,5000,13,10
10.0,5000,14,10
10.0,5000,15,9
10.0,5000,16,11
10.0,5000,17,9
10.0,5000,18,9
10.0,5000,19,9
25.0,5000,0,5
25.0,5000,1,4
25.0,5000,2,4
25.0,5000,3,4
25.0,5000,4,5
25.0,5000,5,4
25.0,5000,6,4
25.0,5000,7,5
25.0,5000,8,4
25.0,5000,9,5
25.0,5000,10,5
25.0,5000,11,4
25.0,5000,12,4
25.0,5000,13,4
25.0,5000,14,4
25.0,5000,15,4
25.0,5000,16,4
25.0,5000,17,4
25.0,5000,18,4
25.0,5000,19,4
50.0,5000,0,3
50.0,5000,1,3
50.0,5000,2,3
50.0,5000,3,3
50.0,5000,4,3
50.0,5000,5,3
50.0,5000,6,3
50.0,5000,7,3
50.0,5000,8,3
50.0,5000,9,3
50.0,5000,10,3
50.0,5000,11,3
50.0,5000,12,3
50.0,5000,13,3
50.0,5000,14,3
50.0,5000,15,3
50.0,5000,16,3
50.0,5000,17,3
50.0,5000,18,3
50.0,5000,19,3
0.125,10000,0,3
0.125,10000,1,5
0.125,10000,2,3
0.125,10000,3,2
0.125,10000,4,3
0.125,10000,5,2
0.125,10000,6,3
0.125,10000,7,3
0.125,10000,8,4
0.125,10000,9,3
0.125,10000,10,4
0.125,10000,11,3
0.125,10000,12,3
0.125,10000,13,3
0.125,10000,14,4
0.125,10000,15,2
0.125,10000,16,3
0.125,10000,17,3
0.125,10000,18,2
0.125,10000,19,3
0.25,10000,0,6
0.25,10000,1,5
0.25,10000,2,6
0.25,10000,3,6
0.25,10000,4,6
0.25,10000,5,5
0.25,10000,6,5
0.25,10000,7,4
0.25,10000,8,4
0.25,10000,9,5
0.25,10000,10,5
0.25,10000,11,6
0.25,10000,12,5
0.25,10000,13,5
0.25,10000,14,4
0.25,10000,15,5
0.25,10000,16,4
0.25,10000,17,6
0.25,10000,18,6
0.25,10000,19,5
0.5,10000,0,9
0.5,10000,1,9
0.5,10000,2,9
0.5,10000,3,9
0.5,10000,4,9
0.5,10000,5,11
0.5,10000,6,8
0.5,10000,7,10
0.5,10000,8,9
0.5,10000,9,9
0.5,10000,10,10
0.5,10000,11,10
0.5,10000,12,12
0.5,10000,13,7
0.5,10000,14,9
0.5,10000,15,9
0.5,10000,16,10
0.5,10000,17,12
0.5,10000,18,9
0.5,10000,19,9
1.0,10000,0,42
1.0,10000,1,50
1.0,10000,2,54
1.0,10000,3,83
1.0,10000,4,48
1.0,10000,5,57
1.0,10000,6,45
1.0,10000,7,43
1.0,10000,8,82
1.0,10000,9,46
1.0,10000,10,50
1.0,10000,11,39
1.0,10000,12,68
1.0,10000,13,42
1.0,10000,14,67
1.0,10000,15,42
1.0,10000,16,86
1.0,10000,17,54
1.0,10000,18,36
1.0,10000,19,34
1.125,10000,0,62
1.125,10000,1,80
1.125,10000,2,82
1.125,10000,3,85
1.125,10000,4,74
1.125,10000,5,75
1.125,10000,6,70
1.125,10000,7,79
1.125,10000,8,73
1.125,10000,9,100
1.125,10000,10,74
1.125,10000,11,95
1.125,10000,12,91
1.125,10000,13,78
1.125,10000,14,91
1.125,10000,15,78
1.125,10000,16,78
1.125,10000,17,70
1.125,10000,18,46
1.125,10000,19,100
1.25,10000,0,68
1.25,10000,1,59
1.25,10000,2,90
1.25,10000,3,59
1.25,10000,4,62
1.25,10000,5,64
1.25,10000,6,88
1.25,10000,7,71
1.25,10000,8,60
1.25,10000,9,63
1.25,10000,10,66
1.25,10000,11,65
1.25,10000,12,60
1.25,10000,13,77
1.25,10000,14,69
1.25,10000,15,82
1.25,10000,16,68
1.25,10000,17,69
1.25,10000,18,62
1.25,10000,19,72
1.5,10000,0,49
1.5,10000,1,44
1.5,10000,2,51
1.5,10000,3,47
1.5,10000,4,45
1.5,10000,5,53
1.5,10000,6,47
1.5,10000,7,41
1.5,10000,8,51
1.5,10000,9,44
1.5,10000,10,51
1.5,10000,11,42
1.5,10000,12,48
1.5,10000,13,48
1.5,10000,14,48
1.5,10000,15,53
1.5,10000,16,48
1.5,10000,17,47
1.5,10000,18,48
1.5,10000,19,48
1.75,10000,0,35
1.75,10000,1,32
1.75,10000,2,36
1.75,10000,3,37
1.75,10000,4,45
1.75,10000,5,51
1.75,10000,6,41
1.75,10000,7,36
1.75,10000,8,34
1.75,10000,9,36
1.75,10000,10,35
1.75,10000,11,46
1.75,10000,12,32
1.75,10000,13,50
1.75,10000,14,37
1.75,10000,15,38
1.75,10000,16,37
1.75,10000,17,41
1.75,10000,18,38
1.75,10000,19,36
2.0,10000,0,37
2.0,10000,1,38
2.0,10000,2,39
2.0,10000,3,46
2.0,10000,4,67
2.0,10000,5,79
2.0,10000,6,56
2.0,10000,7,33
2.0,10000,8,38
2.0,10000,9,39
2.0,10000,10,46
2.0,10000,11,72
2.0,10000,12,50
2.0,10000,13,73
2.0,10000,14,30
2.0,10000,15,46
2.0,10000,16,41
2.0,10000,17,58
2.0,10000,18,63
2.0,10000,19,46
2.25,10000,0,89
2.25,10000,1,100
2.25,10000,2,66
2.25,10000,3,78
2.25,10000,4,79
2.25,10000,5,73
2.25,10000,6,100
2.25,10000,7,43
2.25,10000,8,54
2.25,10000,9,64
2.25,10000,10,100
2.25,10000,11,88
2.25,10000,12,75
2.25,10000,13,74
2.25,10000,14,71
2.25,10000,15,81
2.25,10000,16,95
2.25,10000,17,83
2.25,10000,18,65
2.25,10000,19,96
2.5,10000,0,67
2.5,10000,1,62
2.5,10000,2,78
2.5,10000,3,68
2.5,10000,4,56
2.5,10000,5,71
2.5,10000,6,77
2.5,10000,7,96
2.5,10000,8,68
2.5,10000,9,66
2.5,10000,10,67
2.5,10000,11,72
2.5,10000,12,62
2.5,10000,13,58
2.5,10000,14,94
2.5,10000,15,58
2.5,10000,16,57
2.5,10000,17,66
2.5,10000,18,75
2.5,10000,19,62
2.75,10000,0,64
2.75,10000,1,55
2.75,10000,2,50
2.75,10000,3,59
2.75,10000,4,55
2.75,10000,5,49
2.75,10000,6,60
2.75,10000,7,68
2.75,10000,8,54
2.75,10000,9,53
2.75,10000,10,56
2.75,10000,11,50
2.75,10000,12,53
2.75,10000,13,56
2.75,10000,14,54
2.75,10000,15,50
2.75,10000,16,64
2.75,10000,17,50
2.75,10000,18,56
2.75,10000,19,55
3.0,10000,0,49
3.0,10000,1,45
3.0,10000,2,47
3.0,10000,3,45
3.0,10000,4,45
3.0,10000,5,42
3.0,10000,6,45
3.0,10000,7,53
3.0,10000,8,41
3.0,10000,9,48
3.0,10000,10,42
3.0,10000,11,41
3.0,10000,12,49
3.0,10000,13,38
3.0,10000,14,46
3.0,10000,15,50
3.0,10000,16,48
3.0,10000,17,40
3.0,10000,18,46
3.0,10000,19,45
4.0,10000,0,29
4.0,10000,1,26
4.0,10000,2,29
4.0,10000,3,32
4.0,10000,4,30
4.0,10000,5,29
4.0,10000,6,32
4.0,10000,7,30
4.0,10000,8,28
4.0,10000,9,29
4.0,10000,10,28
4.0,10000,11,26
4.0,10000,12,33
4.0,10000,13,29
4.0,10000,14,29
4.0,10000,15,30
4.0,10000,16,29
4.0,10000,17,32
4.0,10000,18,30
4.0,10000,19,28
6.0,10000,0,17
6.0,10000,1,18
6.0,10000,2,19
6.0,10000,3,19
6.0,10000,4,17
6.0,10000,5,17
6.0,10000,6,17
6.0,10000,7,16
6.0,10000,8,18
6.0,10000,9,17
6.0,10000,10,17
6.0,10000,11,16
6.0,10000,12,17
6.0,10000,13,16
6.0,10000,14,16
6.0,10000,15,16
6.0,10000,16,18
6.0,10000,17,18
6.0,10000,18,16
6.0,10000,19,18
8.0,10000,0,13
8.0,10000,1,12
8.0,10000,2,12
8.0,10000,3,12
8.0,10000,4,14
8.0,10000,5,14
8.0,10000,6,13
8.0,10000,7,13
8.0,10000,8,13
8.0,10000,9,14
8.0,10000,10,15
8.0,10000,11,12
8.0,10000,12,12
8.0,10000,13,13
8.0,10000,14,13
8.0,10000,15,14
8.0,10000,16,13
8.0,10000,17,12
8.0,10000,18,12
8.0,10000,19,14
10.0,10000,0,10
10.0,10000,1,10
10.0,10000,2,10
10.0,10000,3,10
10.0,10000,4,10
10.0,10000,5,10
10.0,10000,6,11
10.0,10000,7,10
10.0,10000,8,10
10.0,10000,9,11
10.0,10000,10,10
10.0,10000,11,10
10.0,10000,12,10
10.0,10000,13,10
10.0,10000,14,11
10.0,10000,15,11
10.0,10000,16,10
10.0,10000,17,10
10.0,10000,18,11
10.0,10000,19,11
25.0,10000,0,5
25.0,10000,1,5
25.0,10000,2,5
25.0,10000,3,5
25.0,10000,4,5
25.0,10000,5,5
25.0,10000,6,5
25.0,10000,7,5
25.0,10000,8,5
25.0,10000,9,5
25.0,10000,10,5
25.0,10000,11,5
25.0,10000,12,5
25.0,10000,13,5
25.0,10000,14,5
25.0,10000,15,5
25.0,10000,16,5
25.0,10000,17,5
25.0,10000,18,5
25.0,10000,19,5
50.0,10000,0,3
50.0,10000,1,3
50.0,10000,2,3
50.0,10000,3,3
50.0,10000,4,3
50.0,10000,5,3
50.0,10000,6,3
50.0,10000,7,3
50.0,10000,8,3
50.0,10000,9,3
50.0,10000,10,3
50.0,10000,11,3
50.0,10000,12,3
50.0,10000,13,3
50.0,10000,14,3
50.0,10000,15,3
50.0,10000,16,3
50.0,10000,17,3
50.0,10000,18,3
50.0,10000,19,3
