label,iteration,regime,M,N,batch,threshold,order,epsilon,avg_degree,max_degree,dense_p,target_p,empirical_p,empirical_avg_degree,eta0_max,eta0_mean,eta0_p95,eta0_std,eta_samples,elapsed_ms
sparse_sweep_N10,0,sparse,10,10,1,0.2,3,0.6,0.5,4,0.2,0.0555556,0.0444444,0.4,3,2.5,3,0.5,8,197.806
sparse_sweep_N13,0,sparse,13,13,1,0.2,3,0.6,0.5,4,0.2,0.0416667,0.0384615,0.461538,3,2.5,3,0.5,12,141.839
sparse_sweep_N16,0,sparse,16,16,1,0.2,3,0.6,0.5,4,0.2,0.0333333,0.025,0.375,3,2.5,3,0.5,14,141.072
sparse_sweep_N20,0,sparse,20,20,1,0.2,3,0.6,0.5,4,0.2,0.0263158,0.0315789,0.6,3,2.59615,3,0.490667,52,139.323
sparse_sweep_N24,0,sparse,24,24,1,0.2,3,0.6,0.5,4,0.2,0.0217391,0.0543478,1.25,3,2.52679,3,0.499282,112,137.118
sparse_sweep_N31,0,sparse,31,31,1,0.2,3,0.6,0.5,4,0.2,0.0166667,0.027957,0.83871,3,2.53521,3,0.498759,71,134.889
sparse_sweep_N38,0,sparse,38,38,1,0.2,3,0.6,0.5,4,0.2,0.0135135,0.0128023,0.473684,3,2.54167,3,0.498261,48,131.227
sparse_sweep_N48,0,sparse,48,48,1,0.2,3,0.6,0.5,4,0.2,0.0106383,0.0124113,0.583333,3,2.52778,3,0.499228,72,139.591
sparse_sweep_N60,0,sparse,60,60,1,0.2,3,0.6,0.5,4,0.2,0.00847458,0.00734463,0.433333,3,2.55556,3,0.496904,81,132.34
sparse_sweep_N75,0,sparse,75,75,1,0.2,3,0.6,0.5,4,0.2,0.00675676,0.00756757,0.56,3,2.54839,3,0.497653,124,142.677
sparse_sweep_N94,0,sparse,94,94,1,0.2,3,0.6,0.5,4,0.2,0.00537634,0.00549073,0.510638,3,2.57718,3,0.494007,149,144.111
sparse_sweep_N117,0,sparse,117,117,1,0.2,3,0.6,0.5,4,0.2,0.00431034,0.00442087,0.512821,3,2.55376,3,0.497101,186,152.715
sparse_sweep_N146,0,sparse,146,146,1,0.2,3,0.6,0.5,4,0.2,0.00344828,0.00330657,0.479452,3,2.53922,3,0.49846,204,173.978
sparse_sweep_N183,0,sparse,183,183,1,0.2,3,0.6,0.5,4,0.2,0.00274725,0.00252207,0.459016,3,2.53947,3,0.498439,228,202.368
sparse_sweep_N229,0,sparse,229,229,1,0.2,3,0.6,0.5,4,0.2,0.00219298,0.00199188,0.454148,3,2.52874,3,0.499174,261,281.418
sparse_sweep_N286,0,sparse,286,286,1,0.2,3,0.6,0.5,4,0.2,0.00175439,0.00154582,0.440559,3,2.55496,3,0.49697,373,473.209
sparse_sweep_N358,0,sparse,358,358,1,0.2,3,0.6,0.5,4,0.2,0.00140056,0.00170571,0.608939,3,2.5549,3,0.496976,683,728.009
sparse_sweep_N448,0,sparse,448,448,1,0.2,3,0.6,0.5,4,0.2,0.00111857,0.00105864,0.473214,3,2.54276,3,0.498168,608,1195.73
sparse_sweep_N560,0,sparse,560,560,1,0.2,3,0.6,0.5,4,0.2,0.000894454,0.000779453,0.435714,3,2.53963,3,0.498427,656,2508.25
sparse_sweep_N700,0,sparse,700,700,1,0.2,3,0.6,0.5,4,0.2,0.000715308,0.000719395,0.502857,3,2.53132,3,0.499018,926,4653.92
supercritical_sweep_N10,0,supercritical,10,10,1,0.2,3,0.6,2,4,0.2,0.222222,0.266667,2.4,3,2.55056,3,0.497437,89,185.415
supercritical_sweep_N13,0,supercritical,13,13,1,0.2,3,0.6,2,4,0.2,0.166667,0.141026,1.69231,3,2.57303,3,0.494637,89,131.195
supercritical_sweep_N16,0,supercritical,16,16,1,0.2,3,0.6,2,4,0.2,0.133333,0.116667,1.75,3,2.59813,3,0.490276,107,141.885
supercritical_sweep_N20,0,supercritical,20,20,1,0.2,3,0.6,2,4,0.2,0.105263,0.131579,2.5,3,2.616,3,0.486358,250,128.629
supercritical_sweep_N24,0,supercritical,24,24,1,0.2,3,0.6,2,4,0.2,0.0869565,0.0797101,1.83333,3,2.63158,3,0.482376,247,131.805
supercritical_sweep_N31,0,supercritical,31,31,1,0.2,3,0.6,2,4,0.2,0.0666667,0.0645161,1.93548,3,2.63914,3,0.480249,327,128.072
supercritical_sweep_N38,0,supercritical,38,38,1,0.2,3,0.6,2,4,0.2,0.0540541,0.0426743,1.57895,3,2.65435,3,0.475579,379,146.693
supercritical_sweep_N48,0,supercritical,48,48,1,0.2,3,0.6,2,4,0.2,0.0425532,0.0514184,2.41667,3,2.69538,3,0.460244,975,137.261
supercritical_sweep_N60,0,supercritical,60,60,1,0.2,3,0.6,2,4,0.2,0.0338983,0.0367232,2.16667,3,2.66513,3,0.471946,866,196.368
supercritical_sweep_N75,0,supercritical,75,75,1,0.2,3,0.6,2,4,0.2,0.027027,0.0273874,2.02667,3,2.65208,3,0.476311,914,140.619
supercritical_sweep_N94,0,supercritical,94,94,1,0.2,3,0.6,2,4,0.2,0.0215054,0.0210478,1.95745,3,2.67142,3,0.469698,1263,153.436
supercritical_sweep_N117,0,supercritical,117,117,1,0.2,3,0.6,2,4,0.2,0.0172414,0.0173887,2.01709,3,2.70353,3,0.456702,1899,152.804
supercritical_sweep_N146,0,supercritical,146,146,1,0.2,3,0.6,2,4,0.2,0.0137931,0.0144544,2.09589,3,2.69967,3,0.458403,2394,170.398
supercritical_sweep_N183,0,supercritical,183,183,1,0.2,3,0.6,2,4,0.2,0.010989,0.01225,2.22951,3,2.72249,3,0.44777,4144,204.887
supercritical_sweep_N229,0,supercritical,229,229,1,0.2,3,0.6,2,4,0.2,0.00877193,0.00988279,2.25328,3,2.7206,3,0.448706,4889,292.979
supercritical_sweep_N286,0,supercritical,286,286,1,0.2,3,0.6,2,4,0.2,0.00701754,0.00755735,2.15385,3,2.7178,3,0.450068,5521,478.23
supercritical_sweep_N358,0,supercritical,358,358,1,0.2,3,0.6,2,4,0.2,0.00560224,0.00536751,1.9162,3,2.70267,3,0.457082,5425,696.713
supercritical_sweep_N448,0,supercritical,448,448,1,0.2,3,0.6,2,4,0.2,0.00447427,0.00496365,2.21875,3,2.72013,3,0.448934,9090,1145.51
supercritical_sweep_N560,0,supercritical,560,560,1,0.2,3,0.6,2,4,0.2,0.00357782,0.00357143,1.99643,3,2.71278,3,0.452466,9564,2502.1
supercritical_sweep_N700,0,supercritical,700,700,1,0.2,3,0.6,2,4,0.2,0.00286123,0.00273043,1.90857,3,2.69401,3,0.460825,10154,4439.07
dense_sweep_N10,0,dense,10,10,1,0.2,3,0.6,0.5,4,0.2,0.0555556,0.0666667,0.6,3,2.5,3,0.5,14,176.134
dense_sweep_N13,0,dense,13,13,1,0.2,3,0.6,0.5,4,0.2,0.05,0.0512821,0.615385,3,2.5,3,0.5,18,153.092
dense_sweep_N16,0,dense,16,16,1,0.2,3,0.6,0.5,4,0.2,0.05,0.0416667,0.625,3,2.53571,3,0.498723,28,131.979
dense_sweep_N20,0,dense,20,20,1,0.2,3,0.6,0.5,4,0.2,0.05,0.0421053,0.8,3,2.61429,3,0.486764,70,129.892
dense_sweep_N24,0,dense,24,24,1,0.2,3,0.6,0.5,4,0.2,0.05,0.0434783,1,3,2.55422,3,0.497052,83,122.971
dense_sweep_N31,0,dense,31,31,1,0.2,3,0.6,0.5,4,0.2,0.05,0.0408602,1.22581,3,2.56757,3,0.495414,148,124.917
dense_sweep_N38,0,dense,38,38,1,0.2,3,0.6,0.5,4,0.2,0.05,0.0483642,1.78947,3,2.64507,3,0.478492,355,128.268
dense_sweep_N48,0,dense,48,48,1,0.2,3,0.6,0.5,4,0.2,0.05,0.0549645,2.58333,3,2.66931,3,0.470462,883,118.614
dense_sweep_N60,0,dense,60,60,1,0.2,3,0.6,0.5,4,0.2,0.05,0.0531073,3.13333,3,2.69065,3,0.462227,1807,122.729
dense_sweep_N75,0,dense,75,75,1,0.2,3,0.6,0.5,4,0.2,0.05,0.0497297,3.68,3,2.70856,3,0.454425,3294,134.398
dense_sweep_N94,0,dense,94,94,1,0.2,3,0.6,0.5,4,0.2,0.05,0.0539922,5.02128,3,2.70109,3,0.457781,7166,143.666
dense_sweep_N117,0,dense,117,117,1,0.2,3,0.6,0.5,4,0.2,0.05,0.0548187,6.35897,3,2.69511,3,0.46036,12703,160.009
dense_sweep_N146,0,dense,146,146,1,0.2,3,0.6,0.5,4,0.2,0.05,0.0503543,7.30137,3,2.69422,3,0.460735,20950,204.621
dense_sweep_N183,0,dense,183,183,1,0.2,3,0.6,0.5,4,0.2,0.05,0.0517024,9.40984,3,2.64754,3,0.477736,35360,301.211
dense_sweep_N229,0,dense,229,229,1,0.2,3,0.6,0.5,4,0.2,0.05,0.0500651,11.4148,3,2.61496,3,0.486605,56750,578.519
dense_sweep_N286,0,dense,286,286,1,0.2,3,0.6,0.5,4,0.2,0.05,0.0509876,14.5315,3,2.54894,3,0.497599,90613,1324.39
dense_sweep_N358,0,dense,358,358,1,0.2,3,0.6,0.5,4,0.2,0.05,0.0496221,17.7151,3,2.50241,3,0.499994,143561,3089.41
dense_sweep_N448,0,dense,448,448,1,0.2,3,0.6,0.5,4,0.2,0.05,0.0489074,21.8616,3,2.45378,3,0.497859,230963,10568.3
dense_sweep_N560,0,dense,560,560,1,0.2,3,0.6,0.5,4,0.2,0.05,0.05,27.95,2,2,2,0,224892,2466
dense_sweep_N700,0,dense,700,700,1,0.2,3,0.6,0.5,4,0.2,0.05,0.0509544,35.6171,3,2.00031,2,0.0177235,391443,4736.23
supercrit_lo_degree_N32,0,supercritical,32,32,1,0.1,5,0.6,2,4,0.2,0.0645161,0.0846774,2.625,5,4.02593,5,1.00693,1851,186.002
supercrit_lo_degree_N32,1,supercritical,32,32,1,0.1,5,0.6,2,4,0.2,0.0645161,0.0443548,1.375,5,4.10391,5,1.0094,741,137.294
supercrit_lo_degree_N48,0,supercritical,48,48,1,0.1,5,0.6,2,4,0.2,0.0425532,0.0460993,2.16667,5,4.11378,5,0.960008,3041,174.063
supercrit_lo_degree_N48,1,supercritical,48,48,1,0.1,5,0.6,2,4,0.2,0.0425532,0.0549645,2.58333,5,4.09199,5,0.9442,4359,140.584
supercrit_lo_degree_N64,0,supercritical,64,64,1,0.1,5,0.6,2,4,0.2,0.031746,0.0342262,2.15625,5,4.18091,5,0.941724,4389,142.933
supercrit_lo_degree_N64,1,supercritical,64,64,1,0.1,5,0.6,2,4,0.2,0.031746,0.0287698,1.8125,5,4.24699,5,0.927437,3741,145.573
supercrit_lo_degree_N96,0,supercritical,96,96,1,0.1,5,0.6,2,4,0.2,0.0210526,0.0217105,2.0625,5,4.24339,5,0.920979,6882,154.081
supercrit_lo_degree_N96,1,supercritical,96,96,1,0.1,5,0.6,2,4,0.2,0.0210526,0.0223684,2.125,5,4.35493,5,0.866902,10016,157.722
supercrit_lo_degree_N128,0,supercritical,128,128,1,0.1,5,0.6,2,4,0.2,0.015748,0.0148868,1.89062,5,4.37515,5,0.870692,11121,186.354
supercrit_lo_degree_N128,1,supercritical,128,128,1,0.1,5,0.6,2,4,0.2,0.015748,0.0162402,2.0625,5,4.28701,5,0.897559,10829,180.039
supercrit_lo_degree_N181,0,supercritical,181,181,1,0.1,5,0.6,2,4,0.2,0.0111111,0.0106814,1.92265,5,4.38173,5,0.854114,18610,270.106
supercrit_lo_degree_N181,1,supercritical,181,181,1,0.1,5,0.6,2,4,0.2,0.0111111,0.0107428,1.9337,5,4.38238,5,0.852605,18416,230.211
supercrit_lo_degree_N256,0,supercritical,256,256,1,0.1,5,0.6,2,4,0.2,0.00784314,0.00768995,1.96094,5,4.40854,5,0.843355,26656,515.495
supercrit_lo_degree_N256,1,supercritical,256,256,1,0.1,5,0.6,2,4,0.2,0.00784314,0.00842525,2.14844,5,4.40708,5,0.838253,32586,523.961
sparse_sweep_N64,0,sparse,64,64,1,0.2,3,0.6,0.5,4,0.2,0.00793651,0.00744048,0.46875,3,2.56044,3,0.496334,91,210.609
sparse_sweep_N80,0,sparse,80,80,1,0.2,3,0.6,0.5,4,0.2,0.00632911,0.00601266,0.475,3,2.53333,3,0.498888,105,148.431
sparse_sweep_N99,0,sparse,99,99,1,0.2,3,0.6,0.5,4,0.2,0.00510204,0.00371058,0.363636,3,2.53608,3,0.498696,97,150.354
sparse_sweep_N123,0,sparse,123,123,1,0.2,3,0.6,0.5,4,0.2,0.00409836,0.00346528,0.422764,3,2.56579,3,0.495653,152,161.72
sparse_sweep_N154,0,sparse,154,154,1,0.2,3,0.6,0.5,4,0.2,0.00326797,0.00305577,0.467532,3,2.52273,3,0.499483,176,176.844
sparse_sweep_N191,0,sparse,191,191,1,0.2,3,0.6,0.5,4,0.2,0.00263158,0.00242491,0.460733,3,2.52564,3,0.499342,234,207.414
sparse_sweep_N238,0,sparse,238,238,1,0.2,3,0.6,0.5,4,0.2,0.0021097,0.00251746,0.596639,3,2.5446,3,0.498007,426,288.778
sparse_sweep_N296,0,sparse,296,296,1,0.2,3,0.6,0.5,4,0.2,0.00169492,0.00164911,0.486486,3,2.52785,3,0.499224,377,454.804
sparse_sweep_N369,0,sparse,369,369,1,0.2,3,0.6,0.5,4,0.2,0.0013587,0.00116354,0.428184,3,2.51053,3,0.499889,380,712.667
sparse_sweep_N64,0,sparse,64,64,1,0.2,3,0.6,0.5,4,0.2,0.00793651,0.0094246,0.59375,3,2.53061,3,0.499062,98,199.221
sparse_sweep_N80,0,sparse,80,80,1,0.2,3,0.6,0.5,4,0.2,0.00632911,0.00886076,0.7,3,2.53374,3,0.49886,163,139.24
sparse_sweep_N99,0,sparse,99,99,1,0.2,3,0.6,0.5,4,0.2,0.00510204,0.00453515,0.444444,3,2.49074,3,0.499914,108,166.556
sparse_sweep_N123,0,sparse,123,123,1,0.2,3,0.6,0.5,4,0.2,0.00409836,0.00346528,0.422764,3,2.54054,3,0.498354,148,159.457
sparse_sweep_N154,0,sparse,154,154,1,0.2,3,0.6,0.5,4,0.2,0.00326797,0.00305577,0.467532,3,2.53403,3,0.498841,191,226.061
sparse_sweep_N191,0,sparse,191,191,1,0.2,3,0.6,0.5,4,0.2,0.00263158,0.00270047,0.513089,3,2.52157,3,0.499535,255,219.266
sparse_sweep_N238,0,sparse,238,238,1,0.2,3,0.6,0.5,4,0.2,0.0021097,0.00177286,0.420168,3,2.52066,3,0.499573,242,302.68
sparse_sweep_N64,0,sparse,64,64,1,0.2,3,0.6,0.5,4,0.2,0.00793651,0.0094246,0.59375,3,2.51852,3,0.499657,108,284.363
sparse_sweep_N73,0,sparse,73,73,1,0.2,3,0.6,0.5,4,0.2,0.00694444,0.00951294,0.684932,3,2.53237,3,0.498951,139,243.675
sparse_sweep_N83,0,sparse,83,83,1,0.2,3,0.6,0.5,4,0.2,0.00609756,0.00646488,0.53012,3,2.552,3,0.497289,125,203.27
sparse_sweep_N95,0,sparse,95,95,1,0.2,3,0.6,0.5,4,0.2,0.00531915,0.00671892,0.631579,3,2.56284,3,0.496035,183,209.924
sparse_sweep_N109,0,sparse,109,109,1,0.2,3,0.6,0.5,4,0.2,0.00462963,0.006456,0.697248,3,2.53917,3,0.498463,217,220.766
sparse_sweep_N124,0,sparse,124,124,1,0.2,3,0.6,0.5,4,0.2,0.00406504,0.00472069,0.580645,3,2.54688,3,0.497798,192,209.989
sparse_sweep_N142,0,sparse,142,142,1,0.2,3,0.6,0.5,4,0.2,0.0035461,0.00429528,0.605634,3,2.57966,3,0.493613,295,220.758
sparse_sweep_N162,0,sparse,162,162,1,0.2,3,0.6,0.5,4,0.2,0.00310559,0.0024538,0.395062,3,2.52727,3,0.499256,165,268.572
sparse_sweep_N185,0,sparse,185,185,1,0.2,3,0.6,0.5,4,0.2,0.00271739,0.00240893,0.443243,3,2.5587,3,0.496542,247,316.246
sparse_sweep_N212,0,sparse,212,212,1,0.2,3,0.6,0.5,4,0.2,0.00236967,0.00223554,0.471698,3,2.53409,3,0.498836,264,362.955
sparse_sweep_N242,0,sparse,242,242,1,0.2,3,0.6,0.5,4,0.2,0.00207469,0.0017832,0.429752,3,2.50554,3,0.499969,271,411.756
sparse_sweep_N276,0,sparse,276,276,1,0.2,3,0.6,0.5,4,0.2,0.00181818,0.00192358,0.528986,3,2.545,3,0.497971,400,595.447
sparse_sweep_N315,0,sparse,315,315,1,0.2,3,0.6,0.5,4,0.2,0.00159236,0.00129411,0.406349,3,2.52632,3,0.499307,323,695.717
sparse_sweep_N360,0,sparse,360,360,1,0.2,3,0.6,0.5,4,0.2,0.00139276,0.00125348,0.45,3,2.51151,3,0.499868,391,911.972
sparse_sweep_N412,0,sparse,412,412,1,0.2,3,0.6,0.5,4,0.2,0.00121655,0.00115749,0.475728,3,2.53697,3,0.498631,568,1172.13
sparse_sweep_N470,0,sparse,470,470,1,0.2,3,0.6,0.5,4,0.2,0.0010661,0.00127932,0.6,3,2.53485,3,0.498784,789,1875.99
sparse_sweep_N537,0,sparse,537,537,1,0.2,3,0.6,0.5,4,0.2,0.000932836,0.00115345,0.61825,3,2.55155,3,0.497335,999,3102.87
sparse_sweep_N613,0,sparse,613,613,1,0.2,3,0.6,0.5,4,0.2,0.000816993,0.00076235,0.466558,3,2.54026,3,0.498377,770,4200.66
sparse_sweep_N700,0,sparse,700,700,1,0.2,3,0.6,0.5,4,0.2,0.000715308,0.00067852,0.474286,3,2.54668,3,0.497816,964,4788.92
sparse_sweep_N800,0,sparse,800,800,1,0.2,3,0.6,0.5,4,0.2,0.000625782,0.000607009,0.485,3,2.54676,3,0.497808,1112,7396.67
supercritical_sweep_N64,0,supercritical,64,64,1,0.2,3,0.6,2,4,0.2,0.031746,0.0372024,2.34375,3,2.70238,3,0.457211,1344,205.682
supercritical_sweep_N73,0,supercritical,73,73,1,0.2,3,0.6,2,4,0.2,0.0277778,0.0254947,1.83562,3,2.66403,3,0.472329,884,158.871
supercritical_sweep_N83,0,supercritical,83,83,1,0.2,3,0.6,2,4,0.2,0.0243902,0.0191008,1.56627,3,2.66821,3,0.470857,865,170.984
supercritical_sweep_N95,0,supercritical,95,95,1,0.2,3,0.6,2,4,0.2,0.0212766,0.0206047,1.93684,3,2.68641,3,0.463952,1317,159.207
supercritical_sweep_N109,0,supercritical,109,109,1,0.2,3,0.6,2,4,0.2,0.0185185,0.0180088,1.94495,3,2.69241,3,0.461498,1567,165.655
supercritical_sweep_N124,0,supercritical,124,124,1,0.2,3,0.6,2,4,0.2,0.0162602,0.0144243,1.77419,3,2.6611,3,0.473337,1257,173.765
supercritical_sweep_N142,0,supercritical,142,142,1,0.2,3,0.6,2,4,0.2,0.0141844,0.0137848,1.94366,3,2.69519,3,0.460325,2185,199.488
supercritical_sweep_N162,0,supercritical,162,162,1,0.2,3,0.6,2,4,0.2,0.0124224,0.0125757,2.02469,3,2.69916,3,0.458625,2606,203.472
supercritical_sweep_N185,0,supercritical,185,185,1,0.2,3,0.6,2,4,0.2,0.0108696,0.010517,1.93514,3,2.68621,3,0.464032,2473,228.749
supercritical_sweep_N212,0,supercritical,212,212,1,0.2,3,0.6,2,4,0.2,0.00947867,0.0083609,1.76415,3,2.67238,3,0.469346,2393,307.765
supercritical_sweep_N242,0,supercritical,242,242,1,0.2,3,0.6,2,4,0.2,0.00829876,0.00840163,2.02479,3,2.69832,3,0.458989,3802,350.944
supercritical_sweep_N276,0,supercritical,276,276,1,0.2,3,0.6,2,4,0.2,0.00727273,0.00698287,1.92029,3,2.70159,3,0.45756,4085,460.171
supercritical_sweep_N315,0,supercritical,315,315,1,0.2,3,0.6,2,4,0.2,0.00636943,0.00651097,2.04444,3,2.69602,3,0.459974,4849,597.851
supercritical_sweep_N360,0,supercritical,360,360,1,0.2,3,0.6,2,4,0.2,0.00557103,0.00606623,2.17778,3,2.71465,3,0.451581,7065,718.101
supercritical_sweep_N412,0,supercritical,412,412,1,0.2,3,0.6,2,4,0.2,0.00486618,0.00491342,2.01942,3,2.70554,3,0.455799,6748,961.453
supercritical_sweep_N470,0,supercritical,470,470,1,0.2,3,0.6,2,4,0.2,0.00426439,0.00430069,2.01702,3,2.71176,3,0.452942,8153,1471.92
supercritical_sweep_N537,0,supercritical,537,537,1,0.2,3,0.6,2,4,0.2,0.00373134,0.00379388,2.03352,3,2.70209,3,0.45734,8563,2260.88
supercritical_sweep_N613,0,supercritical,613,613,1,0.2,3,0.6,2,4,0.2,0.00326797,0.00314003,1.9217,3,2.70406,3,0.456462,9350,3226.48
supercritical_sweep_N700,0,supercritical,700,700,1,0.2,3,0.6,2,4,0.2,0.00286123,0.00284488,1.98857,3,2.70533,3,0.455895,11484,4597.52
supercritical_sweep_N800,0,supercritical,800,800,1,0.2,3,0.6,2,4,0.2,0.00250313,0.00231227,1.8475,3,2.69071,3,0.462203,10996,6955.76
dense_sweep_N64,0,dense,64,64,1,0.2,3,0.6,0.5,4,0.2,0.05,0.0491071,3.09375,3,2.71205,3,0.452808,2108,206.04
dense_sweep_N73,0,dense,73,73,1,0.2,3,0.6,0.5,4,0.2,0.05,0.0528919,3.80822,3,2.70749,3,0.454917,3446,151.766
dense_sweep_N83,0,dense,83,83,1,0.2,3,0.6,0.5,4,0.2,0.05,0.0458419,3.75904,3,2.72709,3,0.445453,4082,164.378
dense_sweep_N95,0,dense,95,95,1,0.2,3,0.6,0.5,4,0.2,0.05,0.0557671,5.24211,3,2.70185,3,0.457447,7362,168.721
dense_sweep_N109,0,dense,109,109,1,0.2,3,0.6,0.5,4,0.2,0.05,0.051648,5.57798,3,2.71682,3,0.450541,10075,179.663
dense_sweep_N124,0,dense,124,124,1,0.2,3,0.6,0.5,4,0.2,0.05,0.0487805,6,3,2.72259,3,0.447719,13446,209.79
dense_sweep_N142,0,dense,142,142,1,0.2,3,0.6,0.5,4,0.2,0.05,0.0525422,7.40845,3,2.68759,3,0.463475,19641,249.264
dense_sweep_N162,0,dense,162,162,1,0.2,3,0.6,0.5,4,0.2,0.05,0.0486926,7.83951,3,2.69891,3,0.458733,26417,278.732
dense_sweep_N185,0,dense,185,185,1,0.2,3,0.6,0.5,4,0.2,0.05,0.0484724,8.91892,3,2.68176,3,0.465795,35963,313.266
dense_sweep_N212,0,dense,212,212,1,0.2,3,0.6,0.5,4,0.2,0.05,0.0497183,10.4906,3,2.63609,3,0.481123,48089,539.148
dense_sweep_N242,0,dense,242,242,1,0.2,3,0.6,0.5,4,0.2,0.05,0.0496211,11.9587,3,2.60813,3,0.488167,64272,855.722
dense_sweep_N276,0,dense,276,276,1,0.2,3,0.6,0.5,4,0.2,0.05,0.0493281,13.5652,3,2.5778,3,0.49391,84244,1328.38
dense_sweep_N315,0,dense,315,315,1,0.2,3,0.6,0.5,4,0.2,0.05,0.0482863,15.1619,3,2.55408,3,0.497067,109950,2039.95
dense_sweep_N360,0,dense,360,360,1,0.2,3,0.6,0.5,4,0.2,0.05,0.0508047,18.2389,3,2.49231,3,0.499941,146971,3419.72
dense_sweep_N412,0,dense,412,412,1,0.2,3,0.6,0.5,4,0.2,0.05,0.0507996,20.8786,3,2.46052,3,0.498439,196351,8055.61
dense_sweep_N470,0,dense,470,470,1,0.2,3,0.6,0.5,4,0.2,0.05,0.0488409,22.9064,3,2.44533,3,0.497003,255606,13300.3
dense_sweep_N537,0,dense,537,537,1,0.2,3,0.6,0.5,4,0.2,0.05,0.0494177,26.4879,3,2.00326,2,0.057017,201436,2793.07
dense_sweep_N613,0,dense,613,613,1,0.2,3,0.6,0.5,4,0.2,0.05,0.050507,30.9103,3,2.00087,2,0.029491,283752,3740.17
dense_sweep_N700,0,dense,700,700,1,0.2,3,0.6,0.5,4,0.2,0.05,0.0493072,34.4657,3,2.00042,2,0.0205128,382467,5401.53
dense_sweep_N800,0,dense,800,800,1,0.2,3,0.6,0.5,4,0.2,0.05,0.0498248,39.81,3,2.00019,2,0.0139075,527248,7934.46
case,0,supercritical,256,256,1,0.2,3,0.6,2.5,4,0.2,0.00980392,0.00998775,2.54688,52,18.5118,37,10.4898,26337,187.777
sparse_sweep_N64,0,sparse,64,64,1,0.2,3,0.6,0.5,4,0.2,0.00793651,0.00892857,0.5625,3,2.52381,3,0.499433,84,283.753
sparse_sweep_N73,0,sparse,73,73,1,0.2,3,0.6,0.5,4,0.2,0.00694444,0.00761035,0.547945,3,2.52381,3,0.499433,105,202.268
sparse_sweep_N83,0,sparse,83,83,1,0.2,3,0.6,0.5,4,0.2,0.00609756,0.00558331,0.457831,3,2.50538,3,0.499971,93,203.744
sparse_sweep_N95,0,sparse,95,95,1,0.2,3,0.6,0.5,4,0.2,0.00531915,0.00425532,0.4,3,2.53191,3,0.49898,94,201.307
sparse_sweep_N109,0,sparse,109,109,1,0.2,3,0.6,0.5,4,0.2,0.00462963,0.00407747,0.440367,3,2.51754,3,0.499692,114,199.854
sparse_sweep_N124,0,sparse,124,124,1,0.2,3,0.6,0.5,4,0.2,0.00406504,0.00419617,0.516129,3,2.51852,3,0.499657,162,206.541
sparse_sweep_N142,0,sparse,142,142,1,0.2,3,0.6,0.5,4,0.2,0.0035461,0.0029967,0.422535,3,2.55738,3,0.496697,183,220.023
sparse_sweep_N162,0,sparse,162,162,1,0.2,3,0.6,0.5,4,0.2,0.00310559,0.00299057,0.481481,3,2.525,3,0.499375,200,216.504
sparse_sweep_N185,0,sparse,185,185,1,0.2,3,0.6,0.5,4,0.2,0.00271739,0.00346651,0.637838,3,2.52836,3,0.499195,335,255.531
sparse_sweep_N212,0,sparse,212,212,1,0.2,3,0.6,0.5,4,0.2,0.00236967,0.0021014,0.443396,3,2.54613,3,0.497868,271,340.174
sparse_sweep_N242,0,sparse,242,242,1,0.2,3,0.6,0.5,4,0.2,0.00207469,0.00192037,0.46281,3,2.5322,3,0.498962,295,384.107
sparse_sweep_N276,0,sparse,276,276,1,0.2,3,0.6,0.5,4,0.2,0.00181818,0.00163373,0.449275,3,2.51195,3,0.499857,293,462.343
sparse_sweep_N315,0,sparse,315,315,1,0.2,3,0.6,0.5,4,0.2,0.00159236,0.00179962,0.565079,3,2.54108,3,0.498309,499,528.319
sparse_sweep_N360,0,sparse,360,360,1,0.2,3,0.6,0.5,4,0.2,0.00139276,0.00147013,0.527778,3,2.5259,3,0.499329,502,717.717
sparse_sweep_N412,0,sparse,412,412,1,0.2,3,0.6,0.5,4,0.2,0.00121655,0.00129922,0.533981,3,2.55891,3,0.496518,696,950.764
sparse_sweep_N470,0,sparse,470,470,1,0.2,3,0.6,0.5,4,0.2,0.0010661,0.000807513,0.378723,3,2.52,3,0.4996,425,1459.01
sparse_sweep_N537,0,sparse,537,537,1,0.2,3,0.6,0.5,4,0.2,0.000932836,0.000861614,0.461825,3,2.52373,3,0.499436,611,2191.41
sparse_sweep_N613,0,sparse,613,613,1,0.2,3,0.6,0.5,4,0.2,0.000816993,0.000826323,0.50571,3,2.52891,3,0.499164,813,3219.92
sparse_sweep_N700,0,sparse,700,700,1,0.2,3,0.6,0.5,4,0.2,0.000715308,0.000719395,0.502857,3,2.53306,3,0.498906,983,4638.02
case,0,supercritical,256,256,1,0.2,3,0.6,2.5,4,0.2,0.00980392,0.00949755,2.42188,37,14.2822,26,6.64851,24979,146.559
supercrit_mst_20_2000_N20,0,supercritical,20,20,1,0.1,5,0.6,3,5,0.2,0.157895,0.168421,3.2,10,4.28947,8,2.18978,190,194.838
supercrit_mst_20_2000_N30,0,supercritical,30,30,1,0.1,5,0.6,3,5,0.2,0.103448,0.0942529,2.73333,10,5.01587,9,2.32419,378,151.454
supercrit_mst_20_2000_N45,0,supercritical,45,45,1,0.1,5,0.6,3,5,0.2,0.0681818,0.0767677,3.37778,19,7.15222,14,3.81719,946,153.787
supercrit_mst_20_2000_N68,0,supercritical,68,68,1,0.1,5,0.6,3,5,0.2,0.0447761,0.0456541,3.05882,20,7.46811,14,3.5315,2211,141.276
supercrit_mst_20_2000_N100,0,supercritical,100,100,1,0.1,5,0.6,3,5,0.2,0.030303,0.030101,2.98,26,10.1031,19,5.049,4006,143.586
supercrit_mst_20_2000_N150,0,supercritical,150,150,1,0.1,5,0.6,3,5,0.2,0.0201342,0.0166443,2.48,35,13.468,26,7.36285,8389,151.811
supercrit_mst_20_2000_N220,0,supercritical,220,220,1,0.1,5,0.6,3,5,0.2,0.0136986,0.0129514,2.83636,34,14.5712,25,6.63913,21116,155.89
supercrit_mst_20_2000_N330,0,supercritical,330,330,1,0.1,5,0.6,3,5,0.2,0.00911854,0.00880538,2.89697,38,16.5728,30,7.61474,49772,166.579
supercrit_mst_20_2000_N500,0,supercritical,500,500,1,0.1,5,0.6,3,5,0.2,0.00601202,0.0059479,2.968,44,18.2197,32,7.8953,106497,185.488
supercrit_mst_20_2000_N750,0,supercritical,750,750,1,0.1,5,0.6,3,5,0.2,0.00400534,0.00396974,2.97333,74,28.2172,52,13.7973,255259,235.132
supercrit_mst_20_2000_N1125,0,supercritical,1125,1125,1,0.1,5,0.6,3,5,0.2,0.00266904,0.00254804,2.864,50,20.3976,34,7.92608,547586,349.797
supercrit_mst_20_2000_N1688,0,supercritical,1688,1688,1,0.1,5,0.6,3,5,0.2,0.0017783,0.00181412,3.06043,78,31.3694,55,13.4947,1285619,580.883
supercrit_mst_auto_N20,0,supercritical,20,20,1,0.1,5,0.6,3,5,0.2,0.157895,0.157895,3,11,4.57368,9,2.43275,190,156.847
supercrit_mst_auto_N23,0,supercritical,23,23,1,0.1,5,0.6,3,5,0.2,0.136364,0.110672,2.43478,8,3.93333,7,1.739,210,150.794
supercrit_mst_auto_N27,0,supercritical,27,27,1,0.1,5,0.6,3,5,0.2,0.115385,0.125356,3.25926,12,5.17949,10,2.80298,351,144.164
supercrit_mst_auto_N32,0,supercritical,32,32,1,0.1,5,0.6,3,5,0.2,0.0967742,0.0927419,2.875,12,4.95402,9,2.49739,435,155.167
supercrit_mst_auto_N37,0,supercritical,37,37,1,0.1,5,0.6,3,5,0.2,0.0833333,0.0930931,3.35135,12,5.73874,10,2.89935,666,141.457
supercrit_mst_auto_N44,0,supercritical,44,44,1,0.1,5,0.6,3,5,0.2,0.0697674,0.0676533,2.90909,12,5.56275,10,2.59927,741,155.241
supercrit_mst_auto_N51,0,supercritical,51,51,1,0.1,5,0.6,3,5,0.2,0.06,0.0658824,3.29412,15,6.96809,13,3.3674,1128,224.282
supercrit_mst_auto_N60,0,supercritical,60,60,1,0.1,5,0.6,3,5,0.2,0.0508475,0.0553672,3.26667,23,8.59264,17,4.573,1711,193.33
supercrit_mst_auto_N71,0,supercritical,71,71,1,0.1,5,0.6,3,5,0.2,0.0428571,0.0382294,2.67606,26,9.59656,20,5.42212,2211,165.863
supercrit_mst_auto_N83,0,supercritical,83,83,1,0.1,5,0.6,3,5,0.2,0.0365854,0.0370262,3.03614,24,10.4547,20,5.81817,3160,169.137
supercrit_mst_auto_N97,0,supercritical,97,97,1,0.1,5,0.6,3,5,0.2,0.03125,0.025988,2.49485,20,8.74622,16,4.09986,3574,172.268
supercrit_mst_auto_N114,0,supercritical,114,114,1,0.1,5,0.6,3,5,0.2,0.0265487,0.0256171,2.89474,24,9.5474,18,4.82969,5886,161.649
supercrit_mst_auto_N134,0,supercritical,134,134,1,0.1,5,0.6,3,5,0.2,0.0225564,0.0256986,3.41791,32,11.1772,21,5.7695,8385,163.85
supercrit_mst_auto_N157,0,supercritical,157,157,1,0.1,5,0.6,3,5,0.2,0.0192308,0.0183733,2.86624,35,13.8722,27,7.087,10878,170.729
supercrit_mst_auto_N184,0,supercritical,184,184,1,0.1,5,0.6,3,5,0.2,0.0163934,0.0145522,2.66304,36,13.2823,25,6.57817,14536,164.491
supercrit_mst_auto_N216,0,supercritical,216,216,1,0.1,5,0.6,3,5,0.2,0.0139535,0.0140827,3.02778,37,13.9337,26,6.72176,21321,175.14
supercrit_mst_auto_N253,0,supercritical,253,253,1,0.1,5,0.6,3,5,0.2,0.0119048,0.0120773,3.04348,38,14.8643,28,7.42159,28442,165.616
supercrit_mst_auto_N297,0,supercritical,297,297,1,0.1,5,0.6,3,5,0.2,0.0101351,0.010101,2.9899,36,15.5863,28,7.28567,38229,263.202
supercrit_mst_auto_N348,0,supercritical,348,348,1,0.1,5,0.6,3,5,0.2,0.00864553,0.00836397,2.9023,47,19.0344,37,9.76491,52976,174.532
supercrit_mst_auto_N408,0,supercritical,408,408,1,0.1,5,0.6,3,5,0.2,0.00737101,0.00719035,2.92647,37,15.9649,27,6.51754,72393,186.146
supercrit_mst_auto_N479,0,supercritical,479,479,1,0.1,5,0.6,3,5,0.2,0.00627615,0.00634166,3.03132,53,18.5469,37,9.73078,105570,202.762
supercrit_mst_auto_N561,0,supercritical,561,561,1,0.1,5,0.6,3,5,0.2,0.00535714,0.00527757,2.95544,43,17.6739,30,7.35573,137555,220.234
supercrit_mst_auto_N658,0,supercritical,658,658,1,0.1,5,0.6,3,5,0.2,0.00456621,0.00430713,2.82979,65,20.9139,41,10.3379,180906,235.186
supercrit_mst_auto_N771,0,supercritical,771,771,1,0.1,5,0.6,3,5,0.2,0.0038961,0.00391126,3.01167,69,24.6917,45,11.6432,266092,255.805
supercrit_mst_auto_N904,0,supercritical,904,904,1,0.1,5,0.6,3,5,0.2,0.00332226,0.00324876,2.93363,59,23.8066,41,10.2137,365943,298.834
supercrit_mst_auto_N1059,0,supercritical,1059,1059,1,0.1,5,0.6,3,5,0.2,0.00283554,0.00291676,3.08593,79,29.1538,55,14.388,505518,340.279
supercrit_mst_auto_N1242,0,supercritical,1242,1242,1,0.1,5,0.6,3,5,0.2,0.00241741,0.00249915,3.10145,80,32.5042,58,14.7684,676874,410.983
supercrit_mst_auto_N1455,0,supercritical,1455,1455,1,0.1,5,0.6,3,5,0.2,0.00206327,0.00199663,2.90309,90,30.9542,57,14.4904,948757,458.361
supercrit_mst_auto_N1706,0,supercritical,1706,1706,1,0.1,5,0.6,3,5,0.2,0.00175953,0.00177672,3.02931,79,33.1945,56,14.3231,1292038,646.697
supercrit_mst_auto_N2000,0,supercritical,2000,2000,1,0.1,5,0.6,3,5,0.2,0.00150075,0.00146823,2.935,111,36.7698,66,17.0002,1730744,726.371
supercrit_mst_auto_N20,0,supercritical,20,20,1,0.1,5,0.6,3,5,0.2,0.157895,0.142105,2.7,8,3.97661,7,1.80627,171,145.008
supercrit_mst_auto_N20,1,supercritical,20,20,1,0.1,5,0.6,3,5,0.2,0.157895,0.2,3.8,8,3.64211,6,1.5554,190,137.133
supercrit_mst_auto_N20,2,supercritical,20,20,1,0.1,5,0.6,3,5,0.2,0.157895,0.121053,2.3,11,4.8,9,2.50305,190,144.453
supercrit_mst_auto2_N20,0,supercritical,20,20,1,0.1,5,0.6,3,5,0.2,0.157895,0.178947,3.4,12,5.06316,10,2.92471,190,150.336
supercrit_mst_auto2_N20,1,supercritical,20,20,1,0.1,5,0.6,3,5,0.2,0.157895,0.2,3.8,13,5.43158,11,3.19425,190,143.807
supercrit_mst_auto2_N20,2,supercritical,20,20,1,0.1,5,0.6,3,5,0.2,0.157895,0.178947,3.4,7,3.66082,6,1.56408,171,139.884
supercrit_mst_auto2_N23,0,supercritical,23,23,1,0.1,5,0.6,3,5,0.2,0.136364,0.15415,3.3913,16,6.12121,13,3.71996,231,138.086
supercrit_mst_auto2_N23,1,supercritical,23,23,1,0.1,5,0.6,3,5,0.2,0.136364,0.173913,3.82609,12,4.78261,9,2.4031,253,147.238
supercrit_mst_auto2_N23,2,supercritical,23,23,1,0.1,5,0.6,3,5,0.2,0.136364,0.162055,3.56522,11,4.65714,9,2.33739,210,134.918
supercrit_mst_auto2_N27,0,supercritical,27,27,1,0.1,5,0.6,3,5,0.2,0.115385,0.111111,2.88889,12,4.84783,9,2.49754,276,198.455
supercrit_mst_auto2_N27,1,supercritical,27,27,1,0.1,5,0.6,3,5,0.2,0.115385,0.162393,4.22222,12,5.12251,9,2.50227,351,139.306
supercrit_mst_auto2_N27,2,supercritical,27,27,1,0.1,5,0.6,3,5,0.2,0.115385,0.111111,2.88889,12,4.96,9,2.42581,325,141.251
supercrit_mst_auto2_N32,0,supercritical,32,32,1,0.1,5,0.6,3,5,0.2,0.0967742,0.0887097,2.75,12,5.28506,9,2.47593,435,143.156
supercrit_mst_auto2_N32,1,supercritical,32,32,1,0.1,5,0.6,3,5,0.2,0.0967742,0.100806,3.125,10,4.56092,8,1.9995,435,143.173
supercrit_mst_auto2_N32,2,supercritical,32,32,1,0.1,5,0.6,3,5,0.2,0.0967742,0.0887097,2.75,14,6.03427,11,2.94794,496,144.492
supercrit_mst_auto2_N37,0,supercritical,37,37,1,0.1,5,0.6,3,5,0.2,0.0833333,0.0900901,3.24324,12,5.81905,11,2.95021,630,149.284
supercrit_mst_auto2_N37,1,supercritical,37,37,1,0.1,5,0.6,3,5,0.2,0.0833333,0.0750751,2.7027,17,6.59759,14,3.76992,497,139.823
supercrit_mst_auto2_N37,2,supercritical,37,37,1,0.1,5,0.6,3,5,0.2,0.0833333,0.0810811,2.91892,13,5.61497,10,2.81479,561,144.034
supercrit_mst_auto2_N44,0,supercritical,44,44,1,0.1,5,0.6,3,5,0.2,0.0697674,0.0687104,2.95455,23,8.28688,17,4.75145,861,145.949
supercrit_mst_auto2_N44,1,supercritical,44,44,1,0.1,5,0.6,3,5,0.2,0.0697674,0.0687104,2.95455,15,6.26829,12,3.06398,861,145.524
supercrit_mst_auto2_N44,2,supercritical,44,44,1,0.1,5,0.6,3,5,0.2,0.0697674,0.0877378,3.77273,17,6.93129,13,3.61558,946,148.45
supercrit_mst_auto2_N51,0,supercritical,51,51,1,0.1,5,0.6,3,5,0.2,0.06,0.0486275,2.43137,13,6.05735,11,2.783,1081,148.345
supercrit_mst_auto2_N51,1,supercritical,51,51,1,0.1,5,0.6,3,5,0.2,0.06,0.0588235,2.94118,18,7.04082,13,3.55329,1176,181.835
supercrit_mst_auto2_N51,2,supercritical,51,51,1,0.1,5,0.6,3,5,0.2,0.06,0.0643137,3.21569,13,6.07755,11,2.69991,1225,147.07
supercrit_mst_auto2_N60,0,supercritical,60,60,1,0.1,5,0.6,3,5,0.2,0.0508475,0.0531073,3.13333,21,8.21695,16,4.2777,1770,159.081
supercrit_mst_auto2_N60,1,supercritical,60,60,1,0.1,5,0.6,3,5,0.2,0.0508475,0.0468927,2.76667,18,7.69569,15,4.00802,1275,150.991
supercrit_mst_auto2_N60,2,supercritical,60,60,1,0.1,5,0.6,3,5,0.2,0.0508475,0.0531073,3.13333,14,6.42665,11,2.81979,1711,150.451
supercrit_mst_auto2_N71,0,supercritical,71,71,1,0.1,5,0.6,3,5,0.2,0.0428571,0.0486922,3.40845,26,9.76936,19,5.14842,2415,144.553
supercrit_mst_auto2_N71,1,supercritical,71,71,1,0.1,5,0.6,3,5,0.2,0.0428571,0.0434608,3.04225,20,8.66124,16,4.28894,2211,149.112
supercrit_mst_auto2_N71,2,supercritical,71,71,1,0.1,5,0.6,3,5,0.2,0.0428571,0.0426559,2.98592,18,7.42379,13,3.50859,2211,143.551
supercrit_mst_auto2_N83,0,supercritical,83,83,1,0.1,5,0.6,3,5,0.2,0.0365854,0.0402586,3.3012,17,8.29877,14,3.76586,3240,158.946
supercrit_mst_auto2_N83,1,supercritical,83,83,1,0.1,5,0.6,3,5,0.2,0.0365854,0.0370262,3.03614,22,8.745,16,4.45255,2851,149.423
supercrit_mst_auto2_N83,2,supercritical,83,83,1,0.1,5,0.6,3,5,0.2,0.0365854,0.0364384,2.98795,23,9.16975,17,4.61705,3081,158.771
supercrit_mst_auto2_N97,0,supercritical,97,97,1,0.1,5,0.6,3,5,0.2,0.03125,0.0302835,2.90722,24,10.0514,19,5.01127,4278,148.371
supercrit_mst_auto2_N97,1,supercritical,97,97,1,0.1,5,0.6,3,5,0.2,0.03125,0.032646,3.13402,26,10.4372,20,5.25417,4186,215.799
supercrit_mst_auto2_N97,2,supercritical,97,97,1,0.1,5,0.6,3,5,0.2,0.03125,0.0268471,2.57732,21,9.22213,16,4.17572,3741,154.282
supercrit_mst_auto2_N114,0,supercritical,114,114,1,0.1,5,0.6,3,5,0.2,0.0265487,0.0249961,2.82456,25,9.21582,16,4.16279,5778,154.888
supercrit_mst_auto2_N114,1,supercritical,114,114,1,0.1,5,0.6,3,5,0.2,0.0265487,0.0256171,2.89474,28,11.5612,22,5.89593,5460,157.574
supercrit_mst_auto2_N114,2,supercritical,114,114,1,0.1,5,0.6,3,5,0.2,0.0265487,0.0268592,3.03509,29,11.4457,22,5.77577,5778,150.164
supercrit_mst_auto2_N134,0,supercritical,134,134,1,0.1,5,0.6,3,5,0.2,0.0225564,0.0237908,3.16418,25,10.53,19,4.98517,8002,147.777
supercrit_mst_auto2_N134,1,supercritical,134,134,1,0.1,5,0.6,3,5,0.2,0.0225564,0.0209853,2.79104,25,11.9455,21,5.97661,7260,154
supercrit_mst_auto2_N134,2,supercritical,134,134,1,0.1,5,0.6,3,5,0.2,0.0225564,0.0234542,3.1194,23,9.59502,17,4.17369,7751,144.959
supercrit_mst_auto2_N157,0,supercritical,157,157,1,0.1,5,0.6,3,5,0.2,0.0192308,0.0191083,2.98089,40,15.1889,30,8.35556,11628,149.523
supercrit_mst_auto2_N157,1,supercritical,157,157,1,0.1,5,0.6,3,5,0.2,0.0192308,0.0191083,2.98089,34,13.6044,27,7.33327,11030,153.179
supercrit_mst_auto2_N157,2,supercritical,157,157,1,0.1,5,0.6,3,5,0.2,0.0192308,0.0185367,2.89172,30,11.2744,20,5.19132,10731,156.014
supercrit_mst_auto2_N184,0,supercritical,184,184,1,0.1,5,0.6,3,5,0.2,0.0163934,0.0155619,2.84783,33,11.1448,21,5.54514,13699,151.342
supercrit_mst_auto2_N184,1,supercritical,184,184,1,0.1,5,0.6,3,5,0.2,0.0163934,0.0171656,3.1413,23,10.2476,17,4.27343,15225,203.812
supercrit_mst_auto2_N184,2,supercritical,184,184,1,0.1,5,0.6,3,5,0.2,0.0163934,0.0174626,3.19565,36,13.5238,25,6.57806,15225,148.705
supercrit_mst_auto2_N216,0,supercritical,216,216,1,0.1,5,0.6,3,5,0.2,0.0139535,0.0148579,3.19444,32,13.2056,24,5.94679,21737,152.484
supercrit_mst_auto2_N216,1,supercritical,216,216,1,0.1,5,0.6,3,5,0.2,0.0139535,0.0149871,3.22222,41,16.86,33,9.16346,20708,162.259
supercrit_mst_auto2_N216,2,supercritical,216,216,1,0.1,5,0.6,3,5,0.2,0.0139535,0.0131783,2.83333,32,12.6275,23,5.70698,20104,153.41
supercrit_mst_auto2_N253,0,supercritical,253,253,1,0.1,5,0.6,3,5,0.2,0.0119048,0.0129243,3.25692,36,13.9566,27,6.93327,28920,157.997
supercrit_mst_auto2_N253,1,supercritical,253,253,1,0.1,5,0.6,3,5,0.2,0.0119048,0.0117636,2.96443,35,13.5977,23,5.73071,27735,161.046
supercrit_mst_auto2_N253,2,supercritical,253,253,1,0.1,5,0.6,3,5,0.2,0.0119048,0.0122655,3.09091,45,15.9161,32,8.4853,27966,149.674
supercrit_mst_auto2_N297,0,supercritical,297,297,1,0.1,5,0.6,3,5,0.2,0.0101351,0.00882701,2.61279,31,13.7231,23,5.58406,36863,162.374
supercrit_mst_auto2_N297,1,supercritical,297,297,1,0.1,5,0.6,3,5,0.2,0.0101351,0.0100783,2.98316,48,17.3683,32,8.46691,41329,166.565
supercrit_mst_auto2_N297,2,supercritical,297,297,1,0.1,5,0.6,3,5,0.2,0.0101351,0.0101238,2.99663,43,15.7128,29,7.55809,40755,170.181
supercrit_mst_auto2_N348,0,supercritical,348,348,1,0.1,5,0.6,3,5,0.2,0.00864553,0.00924178,3.2069,47,18.5173,34,9.01233,55614,167.893
supercrit_mst_auto2_N348,1,supercritical,348,348,1,0.1,5,0.6,3,5,0.2,0.00864553,0.00833085,2.8908,50,19.5919,37,10.3044,54286,211.61
supercrit_mst_auto2_N348,2,supercritical,348,348,1,0.1,5,0.6,3,5,0.2,0.00864553,0.00818179,2.83908,47,18.1772,32,8.12861,54946,171.458
supercrit_mst_auto2_N408,0,supercritical,408,408,1,0.1,5,0.6,3,5,0.2,0.00737101,0.00767211,3.12255,44,17.0439,29,7.20951,73923,168.201
supercrit_mst_auto2_N408,1,supercritical,408,408,1,0.1,5,0.6,3,5,0.2,0.00737101,0.0074794,3.04412,46,17.298,32,8.2718,73923,153.525
supercrit_mst_auto2_N408,2,supercritical,408,408,1,0.1,5,0.6,3,5,0.2,0.00737101,0.00721443,2.93627,40,17.1175,30,7.70302,73539,156.483
supercrit_mst_auto2_N479,0,supercritical,479,479,1,0.1,5,0.6,3,5,0.2,0.00627615,0.00603594,2.88518,54,21.1804,38,9.99208,103742,175.766
supercrit_mst_auto2_N479,1,supercritical,479,479,1,0.1,5,0.6,3,5,0.2,0.00627615,0.00624558,2.98539,66,22.7098,45,11.9839,101478,167.38
supercrit_mst_auto2_N479,2,supercritical,479,479,1,0.1,5,0.6,3,5,0.2,0.00627615,0.0064989,3.10647,65,23.9378,47,13.1492,105570,181.111
supercrit_mst_auto2_N561,0,supercritical,561,561,1,0.1,5,0.6,3,5,0.2,0.00535714,0.00497835,2.78788,56,24.2133,43,11.7045,133907,196.889
supercrit_mst_auto2_N561,1,supercritical,561,561,1,0.1,5,0.6,3,5,0.2,0.00535714,0.00565954,3.16934,51,19.5979,35,9.12821,142312,203.246
supercrit_mst_auto2_N561,2,supercritical,561,561,1,0.1,5,0.6,3,5,0.2,0.00535714,0.005233,2.93048,56,22.191,41,10.6694,135986,191.839
supercrit_mst_auto2_N658,0,supercritical,658,658,1,0.1,5,0.6,3,5,0.2,0.00456621,0.00441817,2.90274,71,25.8248,50,13.172,186972,264.39
supercrit_mst_auto2_N658,1,supercritical,658,658,1,0.1,5,0.6,3,5,0.2,0.00456621,0.00478365,3.14286,46,19.1541,32,7.49762,195009,206.855
supercrit_mst_auto2_N658,2,supercritical,658,658,1,0.1,5,0.6,3,5,0.2,0.00456621,0.00445055,2.92401,67,24.6287,45,11.7189,191892,207.924
supercrit_mst_auto2_N771,0,supercritical,771,771,1,0.1,5,0.6,3,5,0.2,0.0038961,0.00393821,3.03243,54,21.1057,37,9.30044,266088,250.596
supercrit_mst_auto2_N771,1,supercritical,771,771,1,0.1,5,0.6,3,5,0.2,0.0038961,0.00420099,3.23476,72,26.0827,51,13.184,271217,242.938
supercrit_mst_auto2_N771,2,supercritical,771,771,1,0.1,5,0.6,3,5,0.2,0.0038961,0.00389442,2.9987,54,23.6999,41,10.4883,262456,229.922
supercrit_mst_auto2_N904,0,supercritical,904,904,1,0.1,5,0.6,3,5,0.2,0.00332226,0.00334186,3.0177,68,25.7526,45,11.1112,367655,263.931
supercrit_mst_auto2_N904,1,supercritical,904,904,1,0.1,5,0.6,3,5,0.2,0.00332226,0.00333696,3.01327,60,23.1631,41,10.4843,362531,269.768
supercrit_mst_auto2_N904,2,supercritical,904,904,1,0.1,5,0.6,3,5,0.2,0.00332226,0.00331736,2.99558,73,27.794,52,13.4862,358289,274.344
supercrit_mst_auto2_N1059,0,supercritical,1059,1059,1,0.1,5,0.6,3,5,0.2,0.00283554,0.00275253,2.91218,65,26.7821,46,11.0786,475810,357.048
supercrit_mst_auto2_N1059,1,supercritical,1059,1059,1,0.1,5,0.6,3,5,0.2,0.00283554,0.0027686,2.92918,66,25.3793,44,10.877,484629,317.954
supercrit_mst_auto2_N1059,2,supercritical,1059,1059,1,0.1,5,0.6,3,5,0.2,0.00283554,0.00288998,3.0576,59,21.4212,37,8.90549,506525,336.39
supercrit_mst_auto2_N1242,0,supercritical,1242,1242,1,0.1,5,0.6,3,5,0.2,0.00241741,0.00242779,3.01288,64,27.4521,48,12.5064,667595,383.226
supercrit_mst_auto2_N1242,1,supercritical,1242,1242,1,0.1,5,0.6,3,5,0.2,0.00241741,0.00246152,3.05475,73,26.8251,50,12.5784,686213,350.897
supercrit_mst_auto2_N1242,2,supercritical,1242,1242,1,0.1,5,0.6,3,5,0.2,0.00241741,0.00237718,2.95008,92,33.4196,62,16.3191,665290,360.752
supercrit_mst_auto2_N1455,0,supercritical,1455,1455,1,0.1,5,0.6,3,5,0.2,0.00206327,0.00208171,3.0268,63,24.9238,42,9.91696,955663,431.367
supercrit_mst_auto2_N1455,1,supercritical,1455,1455,1,0.1,5,0.6,3,5,0.2,0.00206327,0.00204389,2.97182,71,26.42,46,11.2123,929576,437.694
supercrit_mst_auto2_N1455,2,supercritical,1455,1455,1,0.1,5,0.6,3,5,0.2,0.00206327,0.00208549,3.0323,107,35.1696,70,18.4398,944635,442.125
supercrit_mst_auto2_N1706,0,supercritical,1706,1706,1,0.1,5,0.6,3,5,0.2,0.00175953,0.00169627,2.89215,70,27.332,47,11.2322,1266457,533.802
supercrit_mst_auto2_N1706,1,supercritical,1706,1706,1,0.1,5,0.6,3,5,0.2,0.00175953,0.00174165,2.96952,74,34.3576,57,14.4459,1284008,565.288
supercrit_mst_auto2_N1706,2,supercritical,1706,1706,1,0.1,5,0.6,3,5,0.2,0.00175953,0.00172653,2.94373,84,33.3421,65,17.1324,1274417,537.453
supercrit_mst_auto2_N2000,0,supercritical,2000,2000,1,0.1,5,0.6,3,5,0.2,0.00150075,0.00147324,2.945,92,38.2077,66,17.13,1756885,679.408
supercrit_mst_auto2_N2000,1,supercritical,2000,2000,1,0.1,5,0.6,3,5,0.2,0.00150075,0.00148274,2.964,92,40.7535,73,19.0272,1745669,711.91
supercrit_mst_auto2_N2000,2,supercritical,2000,2000,1,0.1,5,0.6,3,5,0.2,0.00150075,0.00151426,3.027,89,36.5405,69,18.1081,1773799,717.689
supercritical_mst_r0_N20,0,supercritical,20,20,1,0.2,3,0.6,3,5,0.2,0.157895,0.152632,2.9,10,4.25789,8,2.12053,190,248.844
supercritical_mst_r0_N23,0,supercritical,23,23,1,0.2,3,0.6,3,5,0.2,0.136364,0.114625,2.52174,8,4.1502,7,1.8822,253,255.706
supercritical_mst_r0_N27,0,supercritical,27,27,1,0.2,3,0.6,3,5,0.2,0.115385,0.139601,3.62963,16,5.97721,12,3.46074,351,229.04
supercritical_mst_r0_N32,0,supercritical,32,32,1,0.2,3,0.6,3,5,0.2,0.0967742,0.0927419,2.875,10,4.41284,8,1.95106,436,239.495
supercritical_mst_r0_N38,0,supercritical,38,38,1,0.2,3,0.6,3,5,0.2,0.0810811,0.0796586,2.94737,13,5.49524,10,2.60387,630,224.285
supercritical_mst_r0_N44,0,supercritical,44,44,1,0.2,3,0.6,3,5,0.2,0.0697674,0.0750529,3.22727,14,5.87632,11,2.7566,946,245.474
supercritical_mst_r0_N52,0,supercritical,52,52,1,0.2,3,0.6,3,5,0.2,0.0588235,0.061086,3.11538,21,8.22789,16,4.45813,1176,236.286
supercritical_mst_r0_N61,0,supercritical,61,61,1,0.2,3,0.6,3,5,0.2,0.05,0.0459016,2.7541,21,8.49328,17,4.53299,1711,245.136
supercritical_mst_r0_N71,0,supercritical,71,71,1,0.2,3,0.6,3,5,0.2,0.0428571,0.0406439,2.84507,23,9.34079,18,5.01094,2145,248.8
supercritical_mst_r0_N84,0,supercritical,84,84,1,0.2,3,0.6,3,5,0.2,0.0361446,0.0344234,2.85714,20,8.50732,16,4.1399,3004,241.842
supercritical_mst_r0_N98,0,supercritical,98,98,1,0.2,3,0.6,3,5,0.2,0.0309278,0.0307174,2.97959,25,9.45728,18,4.65836,4096,240.235
supercritical_mst_r0_N115,0,supercritical,115,115,1,0.2,3,0.6,3,5,0.2,0.0263158,0.0234935,2.67826,29,11.3306,21,5.58912,5886,230.184
supercritical_mst_r0_N134,0,supercritical,134,134,1,0.2,3,0.6,3,5,0.2,0.0225564,0.0221075,2.9403,25,9.71618,17,4.41805,7385,241.302
supercritical_mst_r0_N158,0,supercritical,158,158,1,0.2,3,0.6,3,5,0.2,0.0191083,0.016367,2.56962,26,10.8468,19,4.93311,10296,222.952
supercritical_mst_r0_N185,0,supercritical,185,185,1,0.2,3,0.6,3,5,0.2,0.0163043,0.01604,2.95135,32,12.7652,23,5.99503,15226,223.146
supercritical_mst_r0_N217,0,supercritical,217,217,1,0.2,3,0.6,3,5,0.2,0.0138889,0.0137822,2.97696,34,14.632,26,6.79315,20503,197.004
supercritical_mst_r0_N254,0,supercritical,254,254,1,0.2,3,0.6,3,5,0.2,0.0118577,0.0112664,2.85039,58,22.0373,44,12.5733,27731,190.221
supercritical_mst_r0_N297,0,supercritical,297,297,1,0.2,3,0.6,3,5,0.2,0.0101351,0.010283,3.04377,41,17.4129,30,7.84224,40756,186.32
supercritical_mst_r0_N349,0,supercritical,349,349,1,0.2,3,0.6,3,5,0.2,0.00862069,0.00877713,3.05444,33,14.7569,25,6.01318,54289,187.772
supercritical_mst_r0_N409,0,supercritical,409,409,1,0.2,3,0.6,3,5,0.2,0.00735294,0.00749077,3.05623,48,17.6658,33,8.48732,73538,176.289
supercritical_mst_r0_N479,0,supercritical,479,479,1,0.2,3,0.6,3,5,0.2,0.00627615,0.00619317,2.96033,33,13.4361,23,5.34399,102381,182.669
supercritical_mst_r0_N561,0,supercritical,561,561,1,0.2,3,0.6,3,5,0.2,0.00535714,0.00537942,3.01248,42,18.1765,30,7.25772,141246,199.98
supercritical_mst_r0_N658,0,supercritical,658,658,1,0.2,3,0.6,3,5,0.2,0.00456621,0.00456158,2.99696,44,18.025,30,7.32728,191275,232.938
supercritical_mst_r0_N771,0,supercritical,771,771,1,0.2,3,0.6,3,5,0.2,0.0038961,0.00396517,3.05318,80,31.2747,60,16.692,266089,218.713
supercritical_mst_r0_N904,0,supercritical,904,904,1,0.2,3,0.6,3,5,0.2,0.00332226,0.00339331,3.06416,60,23.8013,41,10.2524,363383,249.517
supercritical_mst_r0_N1060,0,supercritical,1060,1060,1,0.2,3,0.6,3,5,0.2,0.00283286,0.00281148,2.97736,73,29.4193,51,12.905,502509,287.626
supercritical_mst_r0_N1242,0,supercritical,1242,1242,1,0.2,3,0.6,3,5,0.2,0.00241741,0.00240183,2.98068,84,29.583,55,13.9121,678039,345.065
supercritical_mst_r0_N1456,0,supercritical,1456,1456,1,0.2,3,0.6,3,5,0.2,0.00206186,0.00205808,2.99451,77,29.7493,55,13.8204,940512,405.677
supercritical_mst_r0_N1706,0,supercritical,1706,1706,1,0.2,3,0.6,3,5,0.2,0.00175953,0.00179666,3.06331,81,34.5639,61,15.5966,1296862,529.776
supercritical_mst_r0_N2000,0,supercritical,2000,2000,1,0.2,3,0.6,3,5,0.2,0.00150075,0.00152726,3.053,107,39.8423,74,19.2216,1787005,645.446
supercritical_mst_r1_N20,0,supercritical,20,20,1,0.2,3,0.6,3,5,0.2,0.157895,0.189474,3.6,10,4.36257,8,2.27306,171,139.427
supercritical_mst_r1_N23,0,supercritical,23,23,1,0.2,3,0.6,3,5,0.2,0.136364,0.146245,3.21739,11,4.45022,8,2.30675,231,135.745
supercritical_mst_r1_N27,0,supercritical,27,27,1,0.2,3,0.6,3,5,0.2,0.115385,0.119658,3.11111,11,5.10462,9,2.45604,325,132.716
supercritical_mst_r1_N32,0,supercritical,32,32,1,0.2,3,0.6,3,5,0.2,0.0967742,0.0826613,2.5625,11,5.38889,10,2.6755,378,161.55
supercritical_mst_r1_N38,0,supercritical,38,38,1,0.2,3,0.6,3,5,0.2,0.0810811,0.0768137,2.84211,13,5.27731,10,2.55074,595,123.568
supercritical_mst_r1_N44,0,supercritical,44,44,1,0.2,3,0.6,3,5,0.2,0.0697674,0.0613108,2.63636,12,5.78302,10,2.68521,742,121.273
supercritical_mst_r1_N52,0,supercritical,52,52,1,0.2,3,0.6,3,5,0.2,0.0588235,0.0580694,2.96154,15,6.8449,12,3.18549,1225,119.917
supercritical_mst_r1_N61,0,supercritical,61,61,1,0.2,3,0.6,3,5,0.2,0.05,0.0513661,3.08197,17,8.16165,15,4.10577,1596,121.453
supercritical_mst_r1_N71,0,supercritical,71,71,1,0.2,3,0.6,3,5,0.2,0.0428571,0.0498994,3.49296,19,8.18244,15,3.82324,2346,121.551
supercritical_mst_r1_N84,0,supercritical,84,84,1,0.2,3,0.6,3,5,0.2,0.0361446,0.0324154,2.69048,19,8.60318,15,4.00647,3082,118.576
supercritical_mst_r1_N98,0,supercritical,98,98,1,0.2,3,0.6,3,5,0.2,0.0309278,0.0330318,3.20408,18,7.99527,14,3.42532,4656,120.754
supercritical_mst_r1_N115,0,supercritical,115,115,1,0.2,3,0.6,3,5,0.2,0.0263158,0.0266972,3.04348,20,8.91028,15,3.75241,5673,119.374
supercritical_mst_r1_N134,0,supercritical,134,134,1,0.2,3,0.6,3,5,0.2,0.0225564,0.0206486,2.74627,30,12.0359,23,6.17171,7261,120.574
supercritical_mst_r1_N158,0,supercritical,158,158,1,0.2,3,0.6,3,5,0.2,0.0191083,0.018947,2.97468,29,10.645,19,4.81035,10878,128.473
supercritical_mst_r1_N185,0,supercritical,185,185,1,0.2,3,0.6,3,5,0.2,0.0163043,0.0163337,3.00541,28,11.216,20,5.23211,13696,129.54
supercritical_mst_r1_N217,0,supercritical,217,217,1,0.2,3,0.6,3,5,0.2,0.0138889,0.0145076,3.13364,29,13.2933,22,5.76536,20914,132.289
supercritical_mst_r1_N254,0,supercritical,254,254,1,0.2,3,0.6,3,5,0.2,0.0118577,0.0109552,2.77165,35,14.0296,25,6.3899,28680,136.06
supercritical_mst_r1_N297,0,supercritical,297,297,1,0.2,3,0.6,3,5,0.2,0.0101351,0.00996451,2.94949,36,15.6429,27,6.78646,38505,155.517
supercritical_mst_r1_N349,0,supercritical,349,349,1,0.2,3,0.6,3,5,0.2,0.00862069,0.00857952,2.98567,49,17.9744,35,9.04208,51364,148.407
supercritical_mst_r1_N409,0,supercritical,409,409,1,0.2,3,0.6,3,5,0.2,0.00735294,0.00773048,3.15403,49,21.7242,38,10.2309,73538,154.217
supercritical_mst_r1_N479,0,supercritical,479,479,1,0.2,3,0.6,3,5,0.2,0.00627615,0.00638534,3.05219,47,18.5483,33,8.32367,102385,162.417
supercritical_mst_r1_N561,0,supercritical,561,561,1,0.2,3,0.6,3,5,0.2,0.00535714,0.0056659,3.17291,44,17.8962,31,7.38321,142846,168.088
supercritical_mst_r1_N658,0,supercritical,658,658,1,0.2,3,0.6,3,5,0.2,0.00456621,0.00453845,2.98176,52,20.781,38,9.76554,194378,199.404
supercritical_mst_r1_N771,0,supercritical,771,771,1,0.2,3,0.6,3,5,0.2,0.0038961,0.00393821,3.03243,55,22.5271,39,9.98462,263179,226.673
supercritical_mst_r1_N904,0,supercritical,904,904,1,0.2,3,0.6,3,5,0.2,0.00332226,0.00339576,3.06637,69,28.8672,52,13.2811,357442,254.853
supercritical_mst_r1_N1060,0,supercritical,1060,1060,1,0.2,3,0.6,3,5,0.2,0.00283286,0.00285602,3.02453,69,24.5658,44,10.9126,508541,291.237
supercritical_mst_r1_N1242,0,supercritical,1242,1242,1,0.2,3,0.6,3,5,0.2,0.00241741,0.00233176,2.89372,79,29.5264,52,12.999,675709,347.643
supercritical_mst_r1_N1456,0,supercritical,1456,1456,1,0.2,3,0.6,3,5,0.2,0.00206186,0.00205053,2.98352,66,30.4211,50,12.2495,926850,401.706
supercritical_mst_r1_N1706,0,supercritical,1706,1706,1,0.2,3,0.6,3,5,0.2,0.00175953,0.00173547,2.95897,89,37.1237,66,17.1893,1284026,483.811
supercritical_mst_r1_N2000,0,supercritical,2000,2000,1,0.2,3,0.6,3,5,0.2,0.00150075,0.00145173,2.902,81,35.343,59,14.7444,1736333,602.463
supercritical_mst_r2_N20,0,supercritical,20,20,1,0.2,3,0.6,3,5,0.2,0.157895,0.147368,2.8,8,3.86842,7,1.85772,190,139.897
supercritical_mst_r2_N23,0,supercritical,23,23,1,0.2,3,0.6,3,5,0.2,0.136364,0.134387,2.95652,12,4.84585,9,2.55917,253,138.402
supercritical_mst_r2_N27,0,supercritical,27,27,1,0.2,3,0.6,3,5,0.2,0.115385,0.119658,3.11111,12,5.19658,9,2.57947,351,127.171
supercritical_mst_r2_N32,0,supercritical,32,32,1,0.2,3,0.6,3,5,0.2,0.0967742,0.0685484,2.125,12,5.12698,9,2.46451,378,131.928
supercritical_mst_r2_N38,0,supercritical,38,38,1,0.2,3,0.6,3,5,0.2,0.0810811,0.0682788,2.52632,13,5.77177,10,2.72936,666,144.477
supercritical_mst_r2_N44,0,supercritical,44,44,1,0.2,3,0.6,3,5,0.2,0.0697674,0.0623679,2.68182,15,6.25736,11,3.04916,781,161.01
supercritical_mst_r2_N52,0,supercritical,52,52,1,0.2,3,0.6,3,5,0.2,0.0588235,0.0573152,2.92308,17,6.66824,12,3.24776,1275,134.219
supercritical_mst_r2_N61,0,supercritical,61,61,1,0.2,3,0.6,3,5,0.2,0.05,0.0453552,2.72131,23,8.40411,17,4.66377,1653,177.19
supercritical_mst_r2_N71,0,supercritical,71,71,1,0.2,3,0.6,3,5,0.2,0.0428571,0.0382294,2.67606,25,9.75942,19,5.38417,2016,133.225
supercritical_mst_r2_N84,0,supercritical,84,84,1,0.2,3,0.6,3,5,0.2,0.0361446,0.037292,3.09524,19,8.19355,14,3.68259,3007,121.917
supercritical_mst_r2_N98,0,supercritical,98,98,1,0.2,3,0.6,3,5,0.2,0.0309278,0.0313486,3.04082,32,12.5425,25,7.08931,4560,123.142
supercritical_mst_r2_N115,0,supercritical,115,115,1,0.2,3,0.6,3,5,0.2,0.0263158,0.0280702,3.2,27,10.7068,19,5.12123,5886,117.204
supercritical_mst_r2_N134,0,supercritical,134,134,1,0.2,3,0.6,3,5,0.2,0.0225564,0.0226686,3.01493,29,11.1794,21,5.56638,7750,117.256
supercritical_mst_r2_N158,0,supercritical,158,158,1,0.2,3,0.6,3,5,0.2,0.0191083,0.0203177,3.18987,27,11.4999,20,5.32415,11476,130.57
supercritical_mst_r2_N185,0,supercritical,185,185,1,0.2,3,0.6,3,5,0.2,0.0163043,0.0166275,3.05946,25,10.7094,18,4.23721,16471,128.542
supercritical_mst_r2_N217,0,supercritical,217,217,1,0.2,3,0.6,3,5,0.2,0.0138889,0.0145503,3.14286,43,15.2786,29,7.76924,20303,129.492
supercritical_mst_r2_N254,0,supercritical,254,254,1,0.2,3,0.6,3,5,0.2,0.0118577,0.0115154,2.91339,45,17.705,36,9.81321,27731,130.394
supercritical_mst_r2_N297,0,supercritical,297,297,1,0.2,3,0.6,3,5,0.2,0.0101351,0.0104195,3.08418,40,15.0622,27,6.85169,39621,145.112
supercritical_mst_r2_N349,0,supercritical,349,349,1,0.2,3,0.6,3,5,0.2,0.00862069,0.00828311,2.88252,43,17.1124,31,8.06254,53633,142.109
supercritical_mst_r2_N409,0,supercritical,409,409,1,0.2,3,0.6,3,5,0.2,0.00735294,0.00726305,2.96333,45,17.2689,32,7.87812,73920,142.239
supercritical_mst_r2_N479,0,supercritical,479,479,1,0.2,3,0.6,3,5,0.2,0.00627615,0.0061757,2.95198,47,19.0189,33,8.44182,100579,152.708
supercritical_mst_r2_N561,0,supercritical,561,561,1,0.2,3,0.6,3,5,0.2,0.00535714,0.00529666,2.96613,44,16.03,27,6.61496,140717,184.022
supercritical_mst_r2_N658,0,supercritical,658,658,1,0.2,3,0.6,3,5,0.2,0.00456621,0.00470963,3.09422,74,30.0669,59,16.564,190661,211.019
supercritical_mst_r2_N771,0,supercritical,771,771,1,0.2,3,0.6,3,5,0.2,0.0038961,0.00407634,3.13878,50,20.3921,35,8.47498,270486,201.556
supercritical_mst_r2_N904,0,supercritical,904,904,1,0.2,3,0.6,3,5,0.2,0.00332226,0.00331491,2.99336,63,27.0878,48,12.1514,354912,237.748
supercritical_mst_r2_N1060,0,supercritical,1060,1060,1,0.2,3,0.6,3,5,0.2,0.00283286,0.00282752,2.99434,78,30.3639,56,14.8295,500506,288.487
supercritical_mst_r2_N1242,0,supercritical,1242,1242,1,0.2,3,0.6,3,5,0.2,0.00241741,0.00237718,2.95008,67,25.9405,48,11.8279,668754,330.845
supercritical_mst_r2_N1456,0,supercritical,1456,1456,1,0.2,3,0.6,3,5,0.2,0.00206186,0.00211095,3.07143,72,29.587,51,12.7008,937771,500.471
supercritical_mst_r2_N1706,0,supercritical,1706,1706,1,0.2,3,0.6,3,5,0.2,0.00175953,0.00182004,3.10317,88,31.0118,56,14.0309,1319511,575.642
supercritical_mst_r2_N2000,0,supercritical,2000,2000,1,0.2,3,0.6,3,5,0.2,0.00150075,0.00153327,3.065,94,36.3648,64,16.2224,1771918,763.495
supercritical_mst_r0_N20,0,supercritical,20,20,1,0.2,3,0.6,3,5,0.2,0.157895,0.184211,3.5,11,4.67368,9,2.5606,190,137.527
supercritical_mst_r0_N23,0,supercritical,23,23,1,0.2,3,0.6,3,5,0.2,0.136364,0.13834,3.04348,9,4.00524,7,1.959,191,147.216
supercritical_mst_r0_N27,0,supercritical,27,27,1,0.2,3,0.6,3,5,0.2,0.115385,0.0997151,2.59259,14,5.32246,11,2.96373,276,132.708
supercritical_mst_r0_N32,0,supercritical,32,32,1,0.2,3,0.6,3,5,0.2,0.0967742,0.106855,3.3125,13,5.87957,11,2.94876,465,142.509
supercritical_mst_r0_N38,0,supercritical,38,38,1,0.2,3,0.6,3,5,0.2,0.0810811,0.0896159,3.31579,13,5.20721,9,2.46093,666,130.012
supercritical_mst_r0_N44,0,supercritical,44,44,1,0.2,3,0.6,3,5,0.2,0.0697674,0.0739958,3.18182,15,6.14905,11,3.01055,946,132.38
supercritical_mst_r0_N52,0,supercritical,52,52,1,0.2,3,0.6,3,5,0.2,0.0588235,0.0475113,2.42308,19,7.63435,14,4.01155,1176,131.607
supercritical_mst_r0_N61,0,supercritical,61,61,1,0.2,3,0.6,3,5,0.2,0.05,0.0497268,2.98361,14,6.23684,10,2.611,1596,135.609
supercritical_mst_r0_N71,0,supercritical,71,71,1,0.2,3,0.6,3,5,0.2,0.0428571,0.0450704,3.15493,15,6.69139,11,2.82681,2346,134.58
supercritical_mst_r0_N84,0,supercritical,84,84,1,0.2,3,0.6,3,5,0.2,0.0361446,0.0424555,3.52381,24,9.32768,18,5.08442,3241,162.42
supercritical_mst_r0_N98,0,supercritical,98,98,1,0.2,3,0.6,3,5,0.2,0.0309278,0.0281927,2.73469,30,10.425,20,5.81605,4278,161.221
supercritical_mst_r0_N115,0,supercritical,115,115,1,0.2,3,0.6,3,5,0.2,0.0263158,0.0283753,3.23478,21,7.67633,14,3.60799,6105,170.531
supercritical_mst_r0_N134,0,supercritical,134,134,1,0.2,3,0.6,3,5,0.2,0.0225564,0.0218831,2.91045,26,9.77436,18,4.60136,8128,178.078
supercritical_mst_r0_N158,0,supercritical,158,158,1,0.2,3,0.6,3,5,0.2,0.0191083,0.018947,2.97468,25,11.316,19,4.86283,11027,174.983
supercritical_mst_r0_N185,0,supercritical,185,185,1,0.2,3,0.6,3,5,0.2,0.0163043,0.0158637,2.91892,32,13.6905,25,6.63607,14706,130.273
supercritical_mst_r0_N217,0,supercritical,217,217,1,0.2,3,0.6,3,5,0.2,0.0138889,0.014849,3.20737,30,12.5962,22,5.63056,21736,137.536
supercritical_mst_r0_N254,0,supercritical,254,254,1,0.2,3,0.6,3,5,0.2,0.0118577,0.0115465,2.92126,33,12.2099,22,5.55972,28443,139.927
supercritical_mst_r0_N297,0,supercritical,297,297,1,0.2,3,0.6,3,5,0.2,0.0101351,0.010829,3.20539,44,16.1842,30,7.58406,40755,136.939
supercritical_mst_r0_N349,0,supercritical,349,349,1,0.2,3,0.6,3,5,0.2,0.00862069,0.00882653,3.07163,33,14.4403,24,5.74063,54947,143.217
supercritical_mst_r0_N409,0,supercritical,409,409,1,0.2,3,0.6,3,5,0.2,0.00735294,0.0071432,2.91443,44,17.854,31,7.96877,73921,153.113
supercritical_mst_r0_N479,0,supercritical,479,479,1,0.2,3,0.6,3,5,0.2,0.00627615,0.00619317,2.96033,42,19.0293,33,8.15414,99237,158.306
supercritical_mst_r0_N561,0,supercritical,561,561,1,0.2,3,0.6,3,5,0.2,0.00535714,0.00562771,3.15152,58,24.6687,47,13.1326,141246,173.431
supercritical_mst_r0_N658,0,supercritical,658,658,1,0.2,3,0.6,3,5,0.2,0.00456621,0.00439966,2.89058,58,25.0211,44,11.5682,186366,189.084
supercritical_mst_r0_N771,0,supercritical,771,771,1,0.2,3,0.6,3,5,0.2,0.0038961,0.00387758,2.98573,66,26.7976,49,13.1826,261741,224.678
supercritical_mst_r0_N904,0,supercritical,904,904,1,0.2,3,0.6,3,5,0.2,0.00332226,0.00327816,2.96018,59,26.1126,46,11.7597,365086,239.895
supercritical_mst_r0_N1060,0,supercritical,1060,1060,1,0.2,3,0.6,3,5,0.2,0.00283286,0.00287206,3.04151,76,29.2738,54,13.8234,493530,289.998
supercritical_mst_r0_N1242,0,supercritical,1242,1242,1,0.2,3,0.6,3,5,0.2,0.00241741,0.00239275,2.9694,72,30.2856,52,13.1845,671066,325.358
supercritical_mst_r0_N1456,0,supercritical,1456,1456,1,0.2,3,0.6,3,5,0.2,0.00206186,0.00210528,3.06319,83,34.0984,60,15.8324,948760,388.206
supercritical_mst_r0_N1706,0,supercritical,1706,1706,1,0.2,3,0.6,3,5,0.2,0.00175953,0.00176503,3.00938,93,38.1154,71,19.5341,1282408,524.37
supercritical_mst_r0_N2000,0,supercritical,2000,2000,1,0.2,3,0.6,3,5,0.2,0.00150075,0.00155028,3.099,106,41.9171,78,21.2057,1790790,620.837
supercritical_mst_r1_N20,0,supercritical,20,20,1,0.2,3,0.6,3,5,0.2,0.157895,0.147368,2.8,10,4.4,9,2.42096,190,125.964
supercritical_mst_r1_N23,0,supercritical,23,23,1,0.2,3,0.6,3,5,0.2,0.136364,0.130435,2.86957,10,4.64935,8,2.27408,231,131.238
supercritical_mst_r1_N27,0,supercritical,27,27,1,0.2,3,0.6,3,5,0.2,0.115385,0.102564,2.66667,12,5.14,10,2.70932,300,120.261
supercritical_mst_r1_N32,0,supercritical,32,32,1,0.2,3,0.6,3,5,0.2,0.0967742,0.0947581,2.9375,13,5.51597,11,2.84991,407,125.122
supercritical_mst_r1_N38,0,supercritical,38,38,1,0.2,3,0.6,3,5,0.2,0.0810811,0.0640114,2.36842,13,5.66723,10,2.72742,595,120.555
supercritical_mst_r1_N44,0,supercritical,44,44,1,0.2,3,0.6,3,5,0.2,0.0697674,0.0676533,2.90909,16,6.3055,12,3.20721,946,118.002
supercritical_mst_r1_N52,0,supercritical,52,52,1,0.2,3,0.6,3,5,0.2,0.0588235,0.0550528,2.80769,16,6.58163,12,3.1168,1176,120.162
supercritical_mst_r1_N61,0,supercritical,61,61,1,0.2,3,0.6,3,5,0.2,0.05,0.0442623,2.65574,19,7.31296,14,3.70977,1489,122.206
supercritical_mst_r1_N71,0,supercritical,71,71,1,0.2,3,0.6,3,5,0.2,0.0428571,0.0410463,2.87324,21,8.14231,16,4.31856,2080,129.064
supercritical_mst_r1_N84,0,supercritical,84,84,1,0.2,3,0.6,3,5,0.2,0.0361446,0.0413081,3.42857,30,12.196,24,7.04802,3321,127.614
supercritical_mst_r1_N98,0,supercritical,98,98,1,0.2,3,0.6,3,5,0.2,0.0309278,0.0328214,3.18367,23,9.31663,17,4.50242,4371,120.239
supercritical_mst_r1_N115,0,supercritical,115,115,1,0.2,3,0.6,3,5,0.2,0.0263158,0.026087,2.97391,36,14.2018,29,8.2952,5566,125.471
supercritical_mst_r1_N134,0,supercritical,134,134,1,0.2,3,0.6,3,5,0.2,0.0225564,0.0237908,3.16418,25,10.0633,20,4.92742,8385,129.654
supercritical_mst_r1_N158,0,supercritical,158,158,1,0.2,3,0.6,3,5,0.2,0.0191083,0.0204789,3.21519,28,11.0433,21,5.19434,11935,128.633
supercritical_mst_r1_N185,0,supercritical,185,185,1,0.2,3,0.6,3,5,0.2,0.0163043,0.0162162,2.98378,28,11.6841,20,5.29372,15576,129.381
supercritical_mst_r1_N217,0,supercritical,217,217,1,0.2,3,0.6,3,5,0.2,0.0138889,0.0141662,3.05991,36,15.17,29,7.95212,20910,128.396
supercritical_mst_r1_N254,0,supercritical,254,254,1,0.2,3,0.6,3,5,0.2,0.0118577,0.0120133,3.03937,32,14.1669,24,6.10171,29647,130.946
supercritical_mst_r1_N297,0,supercritical,297,297,1,0.2,3,0.6,3,5,0.2,0.0101351,0.00989626,2.92929,44,16.8906,31,8.24405,38503,124.569
supercritical_mst_r1_N349,0,supercritical,349,349,1,0.2,3,0.6,3,5,0.2,0.00862069,0.00851365,2.96275,43,15.8746,28,7.07966,53301,133.186
supercritical_mst_r1_N409,0,supercritical,409,409,1,0.2,3,0.6,3,5,0.2,0.00735294,0.00739489,3.01711,41,16.7206,29,7.31773,73923,139.777
supercritical_mst_r1_N479,0,supercritical,479,479,1,0.2,3,0.6,3,5,0.2,0.00627615,0.00581756,2.78079,45,17.3784,30,7.35187,93102,147.864
supercritical_mst_r1_N561,0,supercritical,561,561,1,0.2,3,0.6,3,5,0.2,0.00535714,0.00537306,3.00891,59,22.0364,40,10.1894,140724,167.848
supercritical_mst_r1_N658,0,supercritical,658,658,1,0.2,3,0.6,3,5,0.2,0.00456621,0.00430713,2.82979,44,18.3698,31,7.6407,185746,175.575
supercritical_mst_r1_N771,0,supercritical,771,771,1,0.2,3,0.6,3,5,0.2,0.0038961,0.0041134,3.16732,46,19.9194,33,8.07894,269750,223.61
supercritical_mst_r1_N904,0,supercritical,904,904,1,0.2,3,0.6,3,5,0.2,0.00332226,0.00343986,3.10619,60,23.2411,40,9.92556,371092,240.25
supercritical_mst_r1_N1060,0,supercritical,1060,1060,1,0.2,3,0.6,3,5,0.2,0.00283286,0.00270814,2.86792,78,29.0585,54,14.0171,481683,297.506
supercritical_mst_r1_N1242,0,supercritical,1242,1242,1,0.2,3,0.6,3,5,0.2,0.00241741,0.00243168,3.01771,70,29.272,52,13.4736,673393,324.385
supercritical_mst_r1_N1456,0,supercritical,1456,1456,1,0.2,3,0.6,3,5,0.2,0.00206186,0.00198067,2.88187,80,30.4265,52,13.1351,926853,387.484
supercritical_mst_r1_N1706,0,supercritical,1706,1706,1,0.2,3,0.6,3,5,0.2,0.00175953,0.00174715,2.9789,94,34.7579,62,16.0287,1284010,505.964
supercritical_mst_r1_N2000,0,supercritical,2000,2000,1,0.2,3,0.6,3,5,0.2,0.00150075,0.00152726,3.053,82,31.2898,54,13.0554,1805961,664.113
supercritical_mst_r2_N20,0,supercritical,20,20,1,0.2,3,0.6,3,5,0.2,0.157895,0.147368,2.8,10,4.43158,8,2.22972,190,133.747
supercritical_mst_r2_N23,0,supercritical,23,23,1,0.2,3,0.6,3,5,0.2,0.136364,0.118577,2.6087,10,4.28571,8,2.14127,210,131.697
supercritical_mst_r2_N27,0,supercritical,27,27,1,0.2,3,0.6,3,5,0.2,0.115385,0.0883191,2.2963,15,5.74409,12,3.44265,254,162.268
supercritical_mst_r2_N32,0,supercritical,32,32,1,0.2,3,0.6,3,5,0.2,0.0967742,0.120968,3.75,12,5.4375,9,2.49276,496,117.497
supercritical_mst_r2_N38,0,supercritical,38,38,1,0.2,3,0.6,3,5,0.2,0.0810811,0.086771,3.21053,12,5.14958,9,2.31026,595,115.837
supercritical_mst_r2_N44,0,supercritical,44,44,1,0.2,3,0.6,3,5,0.2,0.0697674,0.0634249,2.72727,19,7.29161,15,4.27035,751,112.645
supercritical_mst_r2_N52,0,supercritical,52,52,1,0.2,3,0.6,3,5,0.2,0.0588235,0.0603318,3.07692,15,6.46253,12,3.23955,1081,116.239
supercritical_mst_r2_N61,0,supercritical,61,61,1,0.2,3,0.6,3,5,0.2,0.05,0.0540984,3.2459,19,7.88896,16,4.28075,1486,118.118
supercritical_mst_r2_N71,0,supercritical,71,71,1,0.2,3,0.6,3,5,0.2,0.0428571,0.0482897,3.38028,20,8.13214,15,3.85285,2346,114.871
supercritical_mst_r2_N84,0,supercritical,84,84,1,0.2,3,0.6,3,5,0.2,0.0361446,0.0438898,3.64286,26,10.2892,21,5.60419,3486,114.344
supercritical_mst_r2_N98,0,supercritical,98,98,1,0.2,3,0.6,3,5,0.2,0.0309278,0.0311382,3.02041,25,9.42114,18,4.77477,4096,116.3
supercritical_mst_r2_N115,0,supercritical,115,115,1,0.2,3,0.6,3,5,0.2,0.0263158,0.0207475,2.36522,26,10.6365,20,5.3427,4567,114.026
supercritical_mst_r2_N134,0,supercritical,134,134,1,0.2,3,0.6,3,5,0.2,0.0225564,0.0215464,2.86567,23,9.59937,17,4.26001,7875,115.326
supercritical_mst_r2_N158,0,supercritical,158,158,1,0.2,3,0.6,3,5,0.2,0.0191083,0.0196727,3.08861,31,13.1193,24,6.25727,10586,126.317
supercritical_mst_r2_N185,0,supercritical,185,185,1,0.2,3,0.6,3,5,0.2,0.0163043,0.0159224,2.92973,27,11.7965,21,5.14104,15051,117.722
supercritical_mst_r2_N217,0,supercritical,217,217,1,0.2,3,0.6,3,5,0.2,0.0138889,0.0128862,2.78341,33,12.3537,21,5.36642,20302,123.591
supercritical_mst_r2_N254,0,supercritical,254,254,1,0.2,3,0.6,3,5,0.2,0.0118577,0.0120756,3.05512,39,14.3098,26,6.85902,29403,137.888
supercritical_mst_r2_N297,0,supercritical,297,297,1,0.2,3,0.6,3,5,0.2,0.0101351,0.00973701,2.88215,42,15.6192,29,7.5135,38506,170.35
supercritical_mst_r2_N349,0,supercritical,349,349,1,0.2,3,0.6,3,5,0.2,0.00862069,0.00854659,2.97421,41,17.5473,30,7.66562,53957,138.517
supercritical_mst_r2_N409,0,supercritical,409,409,1,0.2,3,0.6,3,5,0.2,0.00735294,0.00737092,3.00733,62,23.531,47,12.8533,74691,147.998
supercritical_mst_r2_N479,0,supercritical,479,479,1,0.2,3,0.6,3,5,0.2,0.00627615,0.00674348,3.22338,43,17.6376,29,7.2037,106491,158.344
supercritical_mst_r2_N561,0,supercritical,561,561,1,0.2,3,0.6,3,5,0.2,0.00535714,0.00546855,3.06239,41,16.1898,26,6.15645,135461,169.029
supercritical_mst_r2_N658,0,supercritical,658,658,1,0.2,3,0.6,3,5,0.2,0.00456621,0.00464023,3.04863,51,21.2377,37,9.09931,196880,190.075
supercritical_mst_r2_N771,0,supercritical,771,771,1,0.2,3,0.6,3,5,0.2,0.0038961,0.00387758,2.98573,60,23.6272,42,10.6985,266091,205.648
supercritical_mst_r2_N904,0,supercritical,904,904,1,0.2,3,0.6,3,5,0.2,0.00332226,0.00343741,3.10398,69,24.0794,43,10.9187,365944,237.223
supercritical_mst_r2_N1060,0,supercritical,1060,1060,1,0.2,3,0.6,3,5,0.2,0.00283286,0.00280614,2.9717,78,32.1186,61,15.9692,502507,274.185
supercritical_mst_r2_N1242,0,supercritical,1242,1242,1,0.2,3,0.6,3,5,0.2,0.00241741,0.00243946,3.02738,79,28.2462,49,12.073,685038,321.725
supercritical_mst_r2_N1456,0,supercritical,1456,1456,1,0.2,3,0.6,3,5,0.2,0.00206186,0.00201182,2.9272,75,31.4252,54,13.2533,943254,439.311
supercritical_mst_r2_N1706,0,supercritical,1706,1706,1,0.2,3,0.6,3,5,0.2,0.00175953,0.00175816,2.99766,71,28.6383,48,11.5117,1266450,473.983
supercritical_mst_r2_N2000,0,supercritical,2000,2000,1,0.2,3,0.6,3,5,0.2,0.00150075,0.00149525,2.989,74,31.6801,56,13.9926,1758763,643.694
